address	parent-address	primary-address	street	name	name-cy	point	end-date
10001070694			37316053	ST MICHAELS C OF E VA PRIMARY SCHOOL		[-0.3557239,51.7532445]	
10001115540			40409884	ST PAULS C OF E PRIMARY SCHOOL		[-0.4388123,51.6918615]	
10001115668			40409884	LANGLEYBURY SCHOOL		[-0.4421964,51.6889569]	
10002003664			42406673	BEECHFIELD SCHOOL		[-0.4074482,51.6760729]	
10002004088			42406364	GARSTON INFANT		[-0.3853223,51.6832878]	2010-06-28
10002004256			42404127	COATES WAY JMI AND NURSERY SCHOOL		[-0.3792592,51.6946780]	
10002010096			10303866	GREAT GADDESDEN PRIMARY SCHOOL		[-0.5091434,51.7907878]	
10002010892			10315352	BROCKSWOOD PRIMARY SCHOOL		[-0.4359173,51.7795401]	
10002011297			10301959	11/BOXMOOR HOUSE SCHOOL		[-0.4981772,51.7403111]	
10002011683			10325051	BERKHAMSTED COLLEGIATE SCHOOL		[-0.5609261,51.7595892]	
10002012594			10308081	HEADMASTERS HOUSE		[-0.4770274,51.7496543]	2010-10-26
10002012809			10300195	HOBLETTS MANOR INFANT SCHOOL		[-0.4482564,51.7588787]	
10002013009	100081329639	100081329639	10306633	VILLAGE MONTESSORI SCHOOL		[-0.4801893,51.8071443]	
10002013449			10340098	HALSEY SCHOOL		[-0.4972952,51.7649314]	2008-11-28
10002013521			10315180	CHAULDEN SCHOOL		[-0.4999636,51.7507400]	
100080725605			12413054	30		[0.1561761,51.8536389]	
100080748026			12425371	1/THE ABBOTTS		[0.0078174,51.7926525]	
100080856168			37310106	6		[-0.3275243,51.7533547]	
100080934669			42405845	38C/ST JOHNS PARISH HALL		[-0.3950997,51.6583791]	
100080952992			42420826	49		[-0.3987916,51.6529808]	
100081113627			10312706	MOUNTBATTEN LODGE		[-0.4601338,51.7490987]	
100081128564			27901133	ST CHRISTOPHERS SCHOOL		[-0.2265518,51.9681257]	2013-09-17
100081139519			40408397	ST JOAN OF ARC ROMAN CATHOLIC SCHOOL		[-0.4650589,51.6400608]	
100081142196			40408295	HIGH ELMS MANOR		[-0.3934415,51.7019767]	
100081149600			37304498	ST PETERS SCHOOL		[-0.3350964,51.7464125]	
100081149674			37310432	67A-69		[-0.3334957,51.7489706]	
100081149734			37321176	MARLBOROUGH SCHOOL		[-0.3494868,51.7387024]	
100081149771			37310973	MANDEVILLE PRIMARY SCHOOL		[-0.3403668,51.7369913]	
100081149827			37321184	WATLING VIEW SCHOOL		[-0.3418997,51.7350706]	
100081149988			37307913	104/LORETO COLLEGE		[-0.3294692,51.7528699]	
100081149992			37317980	1-3/ST ALBANS HIGH SCHOOL FOR GIRLS		[-0.3326460,51.7570873]	
100081150520			37314821	FLEETVILLE INFANT SCHOOL		[-0.3122890,51.7527951]	
100081150640			37315064	154/BERNARDS HEATH INFANTS SCHOOL		[-0.3266034,51.7614075]	
100081150685			37305285	SAMUEL RYDER ACADEMY		[-0.3110138,51.7388390]	
100081150932			37321859	WINDERMERE PRIMARY SCHOOL		[-0.3082272,51.7440233]	
100081150976			43001653	BIRCHWOOD NURSERY SCHOOL		[-0.2260080,51.7688076]	
100081151132			43001658	FORMER GASCOYNE CECIL JUNIOR SCHOOL		[-0.2257306,51.7695948]	2009-03-30
100081151347			43012769	ONSLOW ST AUDREYS SCHOOL		[-0.2205058,51.7602176]	
100081151353			43022131	BISHOPS HATFIELD GIRLS SCHOOL		[-0.2262828,51.7588572]	
100081151428			43022131	ST PHILIP HOWARD CATHOLIC PRIMARY SCHOOL		[-0.2253038,51.7575924]	
100081151455			43022131	OAK VIEW PRIMARY AND NURSERY SCHOOL		[-0.2238317,51.7563382]	
100081151456			43018011	DE HAVILLAND PRIMARY SCHOOL		[-0.2277931,51.7487994]	
100081151536			43008031	FORMER HAZEL GROVE JMI SCHOOL		[-0.2380642,51.7458246]	2009-03-30
100081151541			43007283	GREEN LANES PRIMARY SCHOOL		[-0.2342761,51.7760451]	
100081151555			43004211	UNIVERSITY OF HERTFORDSHIRE		[-0.2409521,51.7531337]	
100081151644			37300309	LONDON COLNEY PRIMARY SCHOOL		[-0.2965638,51.7267789]	
100081151645			37300309	LONDON COLNEY NURSERY SCHOOL AND CHILDRENS CENTRE		[-0.2966423,51.7270104]	
100081153022			37309513	ST COLUMBAS COLLEGE		[-0.3486993,51.7438583]	
100081153263			37309513	PRAE WOOD PRIMARY SCHOOL		[-0.3591783,51.7455203]	
100081153457			37303789	COMMUNITY HEALTH OFFICES		[-0.3436873,51.7551035]	
100081153537			37317983	BATCHWOOD SCHOOL		[-0.3398735,51.7650578]	
100081153582			37308112	HEATHLANDS SCHOOL		[-0.3318727,51.7639103]	
100081153583			37305848	ABOYNE LODGE SCHOOL		[-0.3386757,51.7550597]	
100081153684			37315065	ST ALBANS GIRLS SCHOOL		[-0.3319297,51.7702235]	
100081153864			37304761	ST LUKES SCHOOL		[-0.4041093,51.8038492]	
100081153869			37310515	REDBOURN JM SCHOOL		[-0.4031644,51.8006262]	
100081154151			10318087	59/FLAMSTEAD JMI SCHOOL		[-0.4360933,51.8167689]	
100081154238			37304255	NICHOLAS BREAKSPEAR RC SCHOOL		[-0.2887875,51.7474915]	
100081154239			37312668	BEAUMONT SCHOOL		[-0.2991903,51.7551511]	
100081154386			37312668	OAKWOOD PRIMARY SCHOOL		[-0.3000438,51.7571147]	
100081154433			37308338	COLNEY HEATH JMI SCHOOL		[-0.2626209,51.7412085]	
100081154579			37302732	FORMER WHEATHAMPSTEAD EDUCATION CENTRE		[-0.2977804,51.8064938]	2014-09-24
100081154640			37302108	ST HELENS CHURCH OF ENGLAND PRIMARY SCHOOL		[-0.2945714,51.8108085]	
100081154936			37322024	SANDRIDGE SCHOOL		[-0.2958399,51.7806403]	
100081154941			37303394	SKYSWOOD PRIMARY SCHOOL		[-0.3030891,51.7674817]	
100081155001			37304943	THE GROVE JUNIOR SCHOOL		[-0.3376449,51.8083411]	
100081155060			37321550	ALDWICKBURY SCHOOL		[-0.3306260,51.8114339]	
100081155075			37304943	THE GROVE INFANTS AND NURSERY SCHOOL		[-0.3366845,51.8080308]	
100081155357			37310727	53		[-0.3626943,51.8220008]	
100081155430			37314777	ROUNDWOOD PARK SCHOOL		[-0.3726686,51.8202240]	
100081155455			37322282	WOOD END SCHOOL		[-0.3813616,51.8266474]	
100081155505			37310985	SIR JOHN LAWES SCHOOL		[-0.3459395,51.8226745]	
100081155506			37315105	MANLAND PRIMARY SCHOOL		[-0.3478794,51.8235920]	
100081155816			37308745	BATFORD NURSERY SCHOOL		[-0.3372232,51.8264991]	
100081155817			37304580	CRABTREE INFANT SCHOOL		[-0.3409293,51.8156801]	
100081155829			37304580	CRABTREE JUNIOR SCHOOL		[-0.3403624,51.8161037]	
100081155960			12402909	TEWIN COWPER J M I SCHOOL		[-0.1549552,51.8151298]	
100081155961			43007210	OAKLANDS PRIMARY SCHOOL		[-0.1970505,51.8415272]	
100081156257			43010440	15/WELWYN ST MARYS CHURCH OF ENGLAND PRIMARY SCHOOL		[-0.2163673,51.8265892]	
100081156258			43010440	TENTERFIELD NURSERY SCHOOL		[-0.2141957,51.8264573]	
100081156441			43022546	ROWANS PRIMARY SCHOOL		[-0.1825396,51.8125291]	
100081156442			43004935	PANSHANGER PRIMARY SCHOOL		[-0.1824211,51.8021234]	
100081156597			43008195	SIR FREDERIC OSBORN SCHOOL		[-0.1790393,51.8021790]	
100081156989			43021093	WATCHLYTES JMI SCHOOL		[-0.1735703,51.7986052]	
100081157148			43001763	FORMER BLACKTHORN JUNIOR SCHOOL		[-0.1856620,51.7950878]	2009-03-30
100081157149			43001763	FORMER THUMBSWOOD INFANT SCHOOL		[-0.1858946,51.7939854]	2009-03-30
100081157150			43013435	PEARTREE PRIMARY SCHOOL		[-0.1987585,51.7965210]	
100081157153			43008862	HOLWELL PRIMARY SCHOOL		[-0.1947719,51.7939331]	
100081157205			43008862	LUDWICK NURSERY SCHOOL		[-0.1957068,51.7941273]	
100081157316			43012594	FORMER SIR JOHN NEWSOM SCHOOL		[-0.1997921,51.7869422]	2009-03-30
100081157326			43017143	COMMONSWOOD SCHOOL		[-0.1774070,51.7843761]	
100081157514			43010105	STANBOROUGH SCHOOL		[-0.2195943,51.7903639]	
100081157770			43000494	APPLECROFT PRIMARY SCHOOL		[-0.2183267,51.7975204]	
100081157771			43010105	LAKESIDE SCHOOL		[-0.2230577,51.7919000]	
100081158019			43015376	QUEENSWOOD SCHOOL		[-0.1663909,51.7149538]	
100081158037			43015163	ESSENDON CHURCH OF ENGLAND PRIMARY SCHOOL		[-0.1500620,51.7617282]	
100081158089			43015376	THE MYMWOOD LIFE SKILLS CENTRE		[-0.1710751,51.7190554]	
100081158100			43005072	ST MARYS CHURCH OF ENGLAND VA PRIMARY SCHOOL		[-0.2226515,51.7358626]	
100081158137			43013627	CHANCELLORS SCHOOL		[-0.1836247,51.7274331]	
100081158341			43002003	BROOKMANS PARK PRIMARY SCHOOL		[-0.2022784,51.7247978]	
100081158550			12402847	THE LEVENTHORPE SCHOOL		[0.1493717,51.8208416]	
100081158892			12421865	ST MARYS CATHOLIC SCHOOL		[0.1536824,51.8704467]	
100081159200			12404667	NORTHGATE JMI SCHOOL		[0.1495744,51.8759893]	
100081159375			12410441	BISHOPS STORTFORD HIGH SCHOOL		[0.1623639,51.8566996]	
100081159524			12413234	THORLEY HILL JMI SCHOOL		[0.1601951,51.8569014]	
100081159527			12400512	ST MICHAELS PRIMARY SCHOOL		[0.1556913,51.8681078]	
100081159563			12415195	WINDHILL PRIMARY SCHOOL		[0.1515216,51.8659630]	
100081159710			12417799	RICHARD WHITTINGTON JMI SCHOOL		[0.1531730,51.8564366]	
100081159895			12413499	MANOR FIELDS JMI SCHOOL		[0.1410809,51.8599127]	
100081160238			12413367	ALL SAINTS C OF E JUNIOR MIDDLE AND INFANT SCHOOL		[0.1758629,51.8752092]	
100081160240			12417795	THORN GROVE PRIMARY SCHOOL		[0.1736537,51.8643510]	
100081162228			43017755	CUFFLEY SCHOOL		[-0.1122669,51.7037457]	
100081165308			10310402	LOCKERS PARK SCHOOL		[-0.4817566,51.7540199]	
100081165429			10310402	THE COLLETT SCHOOL		[-0.4805778,51.7571969]	
100081165606			10307248	ST ROSES INFANTS SCHOOL		[-0.4928437,51.7473825]	
100081165659			10308809	JOHN F KENNEDY SCHOOL		[-0.4996538,51.7595640]	
100081165735			10308045	PIXIES HILL JMI SCHOOL		[-0.5010341,51.7485124]	
100081165737			10301968	MICKLEM JMI SCHOOL		[-0.4933943,51.7573888]	
100081165738			10301968	MARTINDALE JMI SCHOOL		[-0.4984456,51.7610413]	
100081165765			10321034	THE CAVENDISH SCHOOL		[-0.4831147,51.7575893]	
100081165766			10306656	GALLEY HILL PRIMARY AND NURSERY SCHOOL		[-0.4899639,51.7637921]	
100081177130			10316947	30		[-0.4456052,51.7545363]	
100081177145			10310574	ADEYFIELD SCHOOL		[-0.4489788,51.7533311]	
100081177244			10302264	BROADFIELD INFANTS SCHOOL		[-0.4573365,51.7540578]	
100081177297			10307271	LEVERSTOCK CHURCH OF ENGLAND SCHOOL		[-0.4288862,51.7503484]	
100081177483			10309316	JUPITER COMMUNITY FREE SCHOOL		[-0.4544719,51.7638700]	
100081177678			10300846	AYCLIFFE DRIVE PRIMARY SCHOOL		[-0.4582362,51.7716255]	
100081177818			10315844	ASTLEY COOPER SCHOOL		[-0.4480392,51.7750630]	
100081177882			10315844	MAPLE GROVE SCHOOL		[-0.4497991,51.7750573]	
100081177952			10315844	HAYWOOD GROVE SCHOOL		[-0.4502565,51.7756658]	
100081177953			10315352	HOLTSMERE END JUNIOR SCHOOL		[-0.4417817,51.7772082]	
100081177954			10315352	HOLTSMERE END INFANT AND NURSERY SCHOOL		[-0.4413953,51.7766456]	
100081180867			10311907	TRING SECONDARY MODERN		[-0.6544840,51.7981874]	
100081181096			10306486	BISHOP WOOD CHURCH OF ENGLAND JUNIOR SCHOOL		[-0.6640859,51.7942196]	
100081181097			10307457	GROVE ROAD PRIMARY SCHOOL		[-0.6518752,51.8020240]	
100081181098			10316355	ALDBURY JUNIOR SCHOOL		[-0.6034952,51.8028840]	
100081182459	100081182654		10308428	JUNIOR SCHOOL		[-0.5316838,51.7231278]	
100081182654			10308428	BOVINGDON PRIMARY ACADEMY		[-0.5311066,51.7235163]	
100081182659			10325071	TWO WATERS PRIMARY SCHOOL		[-0.4714973,51.7334838]	
100081182673			10314858	LONGDEAN SCHOOL		[-0.4429137,51.7419790]	
100081182675			10310942	WOODFIELD SCHOOL		[-0.4351496,51.7451806]	
100081182811			10301478	REDDINGS JMI SCHOOL		[-0.4514376,51.7449919]	
100081182812			10308525	CHAMBERSBURY JMI SCHOOL		[-0.4441383,51.7390595]	
100081182844			10313441	HOBBS HILL WOOD PRIMARY SCHOOL		[-0.4430185,51.7438195]	
100081183176			10314309	TUDOR PRIMARY SCHOOL		[-0.4634610,51.7462558]	
100081183177			10312817	BELSWAINS JUNIOR MIXED SCHOOL		[-0.4566365,51.7373900]	2010-01-12
100081183178			10301109	BELSWAINS PRIMARY SCHOOL		[-0.4541913,51.7381671]	
100081183252			10310204	LIME WALK PRIMARY SCHOOL		[-0.4559396,51.7450781]	
100081183443			10303875	LITTLE GADDESDEN JMI SCHOOL		[-0.5605117,51.8113806]	
100081183682			10317140	HARESFOOT SENIOR SCHOOL AMERSFORT		[-0.5371733,51.7665470]	2010-01-12
100081183860			10316757	SWING GATE FIRST SCHOOL AND NURSERY		[-0.5551112,51.7571023]	
100081183930			10309559	BERKHAMSTED COLLEGIATE SCHOOL		[-0.5678283,51.7576358]	
100081183946			10305194	BERKHAMSTED COLLEGIATE PREPARATORY SCHOOL		[-0.5684897,51.7583000]	
100081184158			10305424	EGERTON ROTHESAY SCHOOL		[-0.5887117,51.7617006]	
100081184207			10307360	ST THOMAS MOORE RC JMI SCHOOL		[-0.5802885,51.7590725]	
100081184208			10304758	GREENWAY FIRST AND NURSERY SCHOOL		[-0.5816271,51.7584322]	
100081248005			37814460	LEYS PRIMARY AND NURSERY SCHOOL		[-0.1801991,51.9267371]	
100081248015			37821228	LARWOOD SCHOOL		[-0.1876808,51.9103429]	
100081248109			37811567	MARTINS WOOD PRIMARY SCHOOL		[-0.1715416,51.9195633]	
100081248189			12417954	HILL HOUSE		[0.0715813,51.8505435]	
100081248386			12403799	ALBURY JMI SCHOOL		[0.0845330,51.9026983]	
100081248403			12408075	ST MARYS JMI SCHOOL		[-0.0319564,51.8200144]	
100081248677			12421009	TONWELL JMI SCHOOL		[-0.0659397,51.8372590]	
100081248681			12413264	THE CHAUNCY SCHOOL		[-0.0453528,51.8148964]	
100081248682			12405822	THUNDRIDGE JMI SCHOOL		[-0.0291088,51.8380414]	
100081248691			12412026	MUSLEY INFANTS SCHOOL		[-0.0261914,51.8161410]	
100081248707			12412163	CHRISTCHURCH JMI SCHOOL		[-0.0272532,51.8114289]	
100081248841			12404569	PRIORS WOOD JMI SCHOOL		[-0.0130042,51.8171059]	
100081249262			12408726	PRESDALES SCHOOL		[-0.0308270,51.8029909]	
100081249613			12408726	MIDDLETON SCHOOL		[-0.0321074,51.7995683]	
100081249928			12416193	WHEATCROFT JMI SCHOOL		[-0.0553573,51.7998742]	
100081249929			12405186	THE PINES CENTRE		[-0.0502420,51.8010178]	
100081250007			12421838	MORGANS JUNIOR SCHOOL		[-0.0807620,51.7870188]	
100081250117			43012218	PONSBOURNE ST MARYS SCHOOL		[-0.1171239,51.7289933]	
100081250119			12410982	SIMON BALLE ALL-THROUGH SCHOOL		[-0.0691459,51.7931773]	
100081250122			12400681	BAYFORD J M I SCHOOL		[-0.1054742,51.7585535]	
100081251094			12421307	THE SELE SCHOOL		[-0.1021384,51.7986603]	
100081254211			12408366	117/WALKERN JMI SCHOOL		[-0.1282072,51.9157879]	
100081254530			37801124	BARNWELL BUSINESS AND ENTERPRISE SECONDARY SCHOOL		[-0.1734378,51.8894234]	
100081254531			37815360	BARNWELL MIDDLE SCHOOL		[-0.1788440,51.8900375]	
100081255169			27902849	HIGHOVER JMI SCHOOL		[-0.2547475,51.9590584]	2013-08-16
100081255396			27915465	WYMONDLEY JMI SCHOOL		[-0.2388851,51.9345433]	
100081255397			27900731	GRAVELEY PRIMARY SCHOOL		[-0.2142326,51.9340645]	
100081255398			27900655	ST IPPOLYTS C OF E (AIDED) PRIMARY SCHOOL		[-0.2588993,51.9300928]	
100081255746			27901456	ST PAUL'S WALDEN PRIMARY SCHOOL		[-0.2868592,51.8768408]	
100081255747			27908341	KIMPTON JUNIOR MIDDLE AND INFANT SCHOOL		[-0.2957592,51.8508402]	2013-11-04
100081255748			27911393	CODICOTE C OF E PRIMARY SCHOOL		[-0.2382923,51.8482215]	
100081255789			27908456	HITCHIN GIRLS SCHOOL		[-0.2694108,51.9479445]	2013-08-16
100081256104			27916147	HIGHBURY INFANT SCHOOL AND NURSERY		[-0.2723731,51.9458388]	2013-08-16
100081256105			27921655	WHITEHILL JUNIOR SCHOOL		[-0.2664407,51.9414709]	2014-04-08
100081256237			27907066	HITCHIN BOYS SCHOOL		[-0.2784833,51.9511621]	2013-11-04
100081256773			27922303	YORK ROAD NURSERY SCHOOL		[-0.2782417,51.9548816]	
100081257404			27912491	NORTON ST NICHOLAS C OF E (VA) PRIMARY SCHOOL		[-0.2082174,51.9940402]	
100081257416			27914411	PIXMORE JUNIOR SCHOOL		[-0.2218307,51.9743293]	2013-08-16
100081257857			27914411	HILLSHOTT INFANT SCHOOL		[-0.2196125,51.9786777]	2014-10-03
100081258085			27914121	GARDEN CITY ACADEMY		[-0.2087403,51.9731257]	
100081258086			27913981	WOOLGROVE SCHOOL		[-0.2021036,51.9743770]	
100081258152			27902324	TOWN HALL		[-0.2296779,51.9772825]	
100081258153			27902324	ST FRANCIS COLLEGE		[-0.2328938,51.9731377]	
100081258154			27902324	THE OLD GRAMMAR SCHOOL		[-0.2319607,51.9761283]	2013-07-05
100081258155			27908460	HIGHFIELD SCHOOL		[-0.2419033,51.9688847]	2013-08-16
100081258156			27908460	ST THOMAS MORE CATHOLIC PRIMARY SCHOOL		[-0.2417303,51.9699522]	
100081258636			27901272	WILBURY JUNIOR MIXED SCHOOL		[-0.2404906,51.9821376]	2013-11-04
100081258644			27900532	ICKNIELD INFANT SCHOOL		[-0.2422255,51.9799677]	2013-11-04
100081258786			27909144	CHURCH ON THE WAY		[-0.2236784,51.9835560]	2014-11-27
100081258845			27915718	GRANGE JUNIOR MIXED SCHOOL		[-0.2236353,51.9956895]	2014-10-03
100081258877			27902602	NORTHFIELD INFANTS SCHOOL		[-0.2251863,51.9943695]	2014-01-14
100081258882			27921435	STONEHILL SCHOOL		[-0.2353722,51.9946750]	
100081259517			27921503	KNIGHTS SPORTS CENTRE		[-0.1923691,51.9853636]	2015-01-22
100081259518			27921503	WESTON WAY NURSERY SCHOOL		[-0.1897364,51.9813127]	2013-08-16
100081259519			27916038	ST MARYS JUNIOR AND INFANT SCHOOL		[-0.1929090,51.9802734]	2013-08-16
100081259526			27913281	KNIGHTS TEMPLAR SCHOOL		[-0.1907468,51.9876766]	2013-08-16
100081259860			27916838	TANNERY DRIFT SCHOOL		[-0.0284595,52.0501408]	2014-10-03
100081259861			27902626	ROMAN WAY FIRST SCHOOL		[-0.0242224,52.0595542]	2014-01-14
100081259862			27902626	ROYSIA MIDDLE SCHOOL		[-0.0242297,52.0595543]	2013-08-16
100081259905			27906702	THE GRENEWAY SCHOOL		[-0.0134538,52.0535373]	2013-08-16
100081259906			27906702	MERIDIAN SCHOOL		[-0.0108711,52.0545458]	2013-08-16
100081260003			27913784	ICKNIELD WALK FIRST SCHOOL		[-0.0115547,52.0511232]	2014-10-03
100081260008			27911450	ST MARY'S CATHOLIC PRIMARY SCHOOL		[-0.0205135,52.0515519]	
100081260046			27903800	BARLEY CHURCH OF ENGLAND VC FIRST SCHOOL		[0.0403210,52.0265862]	
100081260160			27909213	REED FIRST SCHOOL		[-0.0157201,52.0089657]	2013-08-16
100081260343			27917078	THERFIELD FIRST SCHOOL		[-0.0545963,52.0180307]	2013-08-16
100081260349			27916489	STUDLANDS RISE FIRST SCHOOL		[-0.0143481,52.0458092]	2014-10-03
100081260449			27914884	SANDON JMI SCHOOL		[-0.0790842,51.9917532]	
100081260469			12412334	EDWINSTREE MIDDLE SCHOOL		[-0.0242425,51.9487986]	
100081260473			12411790	MILLFIELD FIRST SCHOOL		[-0.0216274,51.9440787]	
100081260600			12401945	FREMAN COLLEGE		[-0.0278081,51.9514391]	
100081283739			42405508	OXHEY EARLY YEARS CENTRE		[-0.3963986,51.6420757]	
100081283750			42413008	BROMET SCHOOL		[-0.3880727,51.6417009]	
100081283991			40417463	ST MERYL SCHOOL		[-0.3771671,51.6285835]	
100081284075			40405673	GREENFIELD PRIMARY SCHOOL		[-0.3937243,51.6179754]	
100081284199			40408012	COLNBROOK SCHOOL		[-0.3918366,51.6292801]	
100081284537			42415710	CHATER INFANT SCHOOL		[-0.4086206,51.6537703]	
100081284591			42400182	CHATER JUNIOR SCHOOL		[-0.4029223,51.6538367]	
100081285121			42421150	FIELD JUNIOR SCHOOL		[-0.3937990,51.6493779]	
100081285304			42417917	WESTFIELS ACADEMY		[-0.4174346,51.6472621]	
100081286897			42415716	PARKGATE JUNIOR SCHOOL		[-0.3934434,51.6749559]	
100081286898			42409686	KNUTSFORD SCHOOL		[-0.3872448,51.6711212]	
100081286900			42412446	PARKGATE INFANT SCHOOL		[-0.3917277,51.6784752]	
100081287193			42417917	CHESSBROOK EDUCATION SUPPORT CENTRE		[-0.4151488,51.6483979]	
100081287392			42406673	ORCHARD PRIMARY SCHOOL		[-0.4131839,51.6803948]	
100081287644			42402116	KINGSWOOD EARLY YEARS CENTRE		[-0.3998520,51.6884595]	
100081287656			42402116	KINGSWAY JUNIOR SCHOOL		[-0.4059560,51.6889113]	
100081288173			42425200	ALBAN WOOD INFANT SCHOOL AND NURSERY		[-0.4003098,51.6972239]	
100081288174			42408319	LEAVESDEN GREEN PRIMARY SCHOOL		[-0.4079679,51.6917710]	
100081288177			40408295	PARMITERS SCHOOL		[-0.3894167,51.7032433]	
100081288934			40403852	ST PETERS C OF E VA PRIMARY SCHOOL		[-0.4909938,51.6367548]	
100081289012			40415188	RICKMANSWORTH SCHOOL		[-0.4553843,51.6449251]	
100081289378			40417236	88/RICKMANSWORTH PNEU SCHOOL		[-0.4811050,51.6481374]	2014-10-22
100081289471			40415098	YORK HOUSE SCHOOL		[-0.4594204,51.6627286]	
100081290125			40403564	ST CLEMENT DANES SCHOOL		[-0.5140480,51.6635398]	
100081290618			10309831	RUDOLF STEINER SCHOOL		[-0.4594506,51.7121321]	
100081290726			10317142	ST PAULS SCHOOL		[-0.4930083,51.7036828]	
100081291036			40406666	BREAKSPEARE SCHOOL		[-0.4227032,51.7024187]	
100081291037			40408056	TANNERS WOOD JMI SCHOOL		[-0.4228507,51.6994264]	
100081292331			37307805	KINGSLEY GREEN		[-0.3040216,51.7039122]	
100081292536			37307805	RADLETT LODGE SCHOOL		[-0.3090513,51.7037149]	
100081313168			10315986	HALL		[-0.5313611,51.7245985]	
100081313337			10306646	GADE VALLEY JUNIOR MIXED INFANTS SCHOOL		[-0.4816380,51.7584155]	
100081313667			10300853	CONVENT OF ST FRANCIS DE SALES PREPARATORY SCHOOL		[-0.6741984,51.7903584]	
100081313734			10301576	DUNDALE JUNIOR MIXED INFANTS SCHOOL		[-0.6612855,51.7999678]	
100081328294	10002013521	10002013521	10315180	JUNIOR SCHOOL		[-0.5000519,51.7506130]	
100081329516			10302566	ABBOTS HILL SCHOOL		[-0.4443218,51.7290806]	
100081329639			10306633	WHITEHOUSE FARM		[-0.4801893,51.8071443]	
100081330309			12408726	PINEWOOD SCHOOL		[-0.0336019,51.8003531]	
100081330394			12411339	BISHOPS STORTFORD COLLEGE		[0.1498602,51.8716317]	
100081330603			12421082	HERTS AND ESSEX HIGH SCHOOL		[0.1711303,51.8677519]	
100081339013			37308629	OLD LYNDALE SCHOOL		[-0.3300312,51.7553057]	
100081339335			37316529	ST GEORGES SCHOOL		[-0.3520584,51.8213667]	
100081339559			37820928	BARCLAY SECONDARY SCHOOL		[-0.2029960,51.9156669]	
100081339648			40404215	LEAVESDEN HOSPITAL		[-0.4063117,51.7022601]	2009-06-08
100081340430			42425063	STANBOROUGH SCHOOL		[-0.3964873,51.6858238]	
10008852628			42406364	BERRYGROVE PRIMARY AND NURSERY SCHOOL		[-0.3856824,51.6829241]	
10008852895			42407311	HOLY ROOD CATHOLIC PRIMARY SCHOOL		[-0.4259051,51.6814652]	
10012155244			13800356	CHACEFIELD PARK PREVIOUSLY LEA VALLEY NURSERY		[0.0049468,51.6938730]	2016-05-19
10013018829			17205754	87-91/IMMANUEL COLLEGE		[-0.3343452,51.6411034]	
10013027232			17221180	RADLETT PREPARATORY SCHOOL KENDALL HALL		[-0.3066028,51.6696439]	
10013029547			17208289	EDGE GROVE SCHOOL		[-0.3460997,51.6771309]	
10013383711			37809121	PEARTREE SPRING INFANT SCHOOL		[-0.1762018,51.8926856]	
10013799401			27906683	SAMUEL LUCAS JMI SCHOOL		[-0.2848732,51.9503563]	
10013802890			27910206	ST JOHNS ROMAN CATHOLIC PRIMARY SCHOOL		[-0.1808535,51.9833523]	2012-01-12
10013904568			17206140	SUNNY BANK JUNIOR AND INFANT SCHOOL		[-0.1892143,51.6886691]	
10013904587			17209965	CRANBORNE PRIMARY SCHOOL		[-0.1992886,51.6998074]	
10013904765			17208610	YAVNEH COLLEGE		[-0.2661744,51.6543330]	
10013904884			17217833	HOLMSHILL SCHOOL		[-0.2649600,51.6622733]	2007-12-10
10013904885			17204542	NICHOLAS HAWKSMOOR SCHOOL		[-0.2657158,51.6667087]	2012-06-15
10013904886			17204542	HERTSWOOD SCHOOL		[-0.2657158,51.6667087]	
10013905585			17200278	QUEENS SCHOOL		[-0.3690137,51.6584871]	
10013905676			17204166	MEADOW WOOD SCHOOL		[-0.3505425,51.6483732]	
10013905977			17214037	MOUNT GRACE SCHOOL		[-0.1835867,51.7030726]	
10013906221			17200351	GREAT BROOKMEAD SCHOOL		[-0.2828556,51.6711963]	2007-12-10
10013907968			17208517	DHARAM MARG		[-0.3363475,51.6657619]	
10013910516			17216488	ELSTREE U T C		[-0.2614240,51.6605933]	
10014208871			43001658	BIRCHWOOD AVENUE PRIMARY SCHOOL		[-0.2257451,51.7695950]	
10014208872			43001763	SWALLOW DELL PRIMARY SCHOOL		[-0.1858974,51.7950015]	
10014209900			43025040	HOWE DELL SCHOOL		[-0.2466028,51.7673092]	
10014209932			43025065	CRESWICK PRIMARY AND NURSERY SCHOOL		[-0.2016317,51.7877167]	
10014239324			10313295	1		[-0.5699176,51.7612578]	
10023084276			12414978	BENGEO NURSERY		[-0.0818854,51.8114206]	
10023084917			12403948	9/CHILDRENS CENTRE		[-0.0733948,51.7951503]	
10023318938			27912491	PRINCIPAL COURT		[-0.2201583,51.9898742]	
10023323220			27925096	ROUND DIAMOND PRIMARY SCHOOL		[-0.1731166,51.9296147]	
10023326606			27916038	ST MARY'S CHURCH OF ENGLAND (VC) INFANT SCHOOL		[-0.1922713,51.9805604]	
10023328780			27902114	NORTH HERTS EDUCATION SUPPORT CENTRE		[-0.2414354,51.9678256]	
10023340241			42408983	FRANCIS COMBE ACADEMY		[-0.3917569,51.6980601]	
10023960237			10308081	HEATH LANE NURSERY SCHOOL		[-0.4778296,51.7506561]	
10023961145	10002010892	10002010892	10315352	WORLD SHAPERS ACADEMY		[-0.4357538,51.7796357]	
10024115424			37305262	WHEATFIELDS INFANT AND NURSERY SCHOOL		[-0.3108641,51.7709514]	
10024116316	100081292331	100081292331	37307805	FOREST HOUSE EDUCATION CENTRE FOREST LANE		[-0.3076893,51.7025893]	
10024117568			37303317	CUNNINGHAM HILL INFANT SCHOOL		[-0.3149335,51.7451988]	
10024117569			37310515	REDBOURN INFANT AND NURSERY SCHOOL		[-0.4039255,51.8004297]	
10033090427			12412413	ST JOSEPHS RC PRIMARY SCHOOL		[-0.0946926,51.8015433]	
10033090551			12411877	MORGANS JMI SCHOOL		[-0.0795902,51.7879798]	
10033091114			12422087	HERTFORD HEATH J M I SCHOOL		[-0.0428397,51.7858362]	
10033091833			12417082	LAYSTON FIRST SCHOOL		[-0.0145592,51.9489414]	
10033092014			12420636	JENYNS SCHOOL		[0.0297172,51.9059314]	
10033092120			12425084	ST ELIZABETHS SCHOOL AND HOME		[0.0893290,51.8303048]	
10033092955			12410490	SPELLBROOK JMI SCHOOL		[0.1568146,51.8341852]	
10033093691			12421977	HILLMEAD PRIMARY SCHOOL		[0.1373929,51.8697367]	
10033094244			12405375	HOCKERILL ANGLO EUROPEAN COLLEGE		[0.1712316,51.8710593]	
10033094436			12413367	BIRCHWOOD HIGH SCHOOL		[0.1836040,51.8742564]	
10033094509			12450020	3/KINGSDALE		[-0.1273578,51.7448401]	
10033096415			12412724	ST EDMUNDS COLLEGE		[-0.0086324,51.8803616]	
10033097607			12415169	ST MARYS J M I SCHOOL		[-0.1501274,51.8906283]	
10033097652			12450102	BENINGTON JMI SCHOOL		[-0.1131505,51.8981782]	
10033097867			12407191	ST JOSEPHS ROMAN CATHOLIC JMI SCHOOL		[0.1492813,51.8677215]	
10033098046			12413716	SUMMERCROFT PRIMARY SCHOOL		[0.1797190,51.8732931]	
10033098470			12408805	25		[-0.1628331,51.8574704]	
10033098484			12408626	ST JOHN THE BAPTIST JMI SCHOOL		[-0.0105029,51.7919350]	
10033098550			12402820	ST ANDREWS JMI SCHOOL		[-0.1034322,51.8020389]	
10033098601			12403948	ABEL SMITH JMI SCHOOL		[-0.0731609,51.7952511]	
10033098623			12406308	HOLLYBUSH JMI SCHOOL		[-0.0996372,51.7981304]	
10033098675			12407581	RICHARD HALE SCHOOL		[-0.0776630,51.7924870]	
10033098908			12413802	MILLMEAD J M I SCHOOL		[-0.0849872,51.7990499]	
10033098946			12416990	BENGEO PRIMARY SCHOOL		[-0.0824775,51.8094648]	
10033099028			12421056	2-4		[-0.0814288,51.8024247]	
10033099071			12425034	HERTINGFORDBURY COWPER JMI SCHOOL		[-0.1271958,51.7888714]	
10033099083			12408371	HUNSDON J M I SCHOOL		[0.0565267,51.8093226]	
10033099099			12417954	ST ANDREWS C OF E JMI SCHOOL		[0.0721997,51.8512465]	
10033099136			12402541	REEDINGS JM SCHOOL		[0.1524629,51.8164298]	
10033099180			12409659	FAWBERT AND BARNARD INFANTS SCHOOL		[0.1517575,51.8131243]	
10033099242			12408405	ST THOMAS OF CANTERBURY JMI SCHOOL		[0.0106701,51.8892900]	
10033099252			12416277	RALPH SADLIER MIDDLE SCHOOL		[0.0213446,51.8881710]	
10033099253			12416277	ROGER DE CLARE FIRST SCHOOL		[0.0226971,51.8877746]	
10033099302			12411632	ST ANDREWS C OF E PRIMARY SCHOOL		[0.0102689,51.7886427]	
10033099331			12404163	THE SPORTS PAVILION		[-0.0294371,51.8331182]	
10033099592			12413264	ST CATHERINES JMI SCHOOL		[-0.0435569,51.8142297]	
10033099616			12410460	HERTFORD REGIONAL COLLEGE		[-0.0315268,51.8076995]	
10033099651			12417959	THE TOWER JMI SCHOOL		[-0.0229096,51.8175301]	
10033099694			12414250	WATTON AT STONE PRIMARY SCHOOL		[-0.1144492,51.8554241]	
10033099705			12421008	WIDFORD JMI SCHOOL		[0.0573464,51.8232439]	
10033100532			12416417	LITTLE HADHAM JMI SCHOOL		[0.0945163,51.8833572]	
10033100608			12425310	WARESIDE JMI SCHOOL		[0.0184832,51.8202260]	
10033100650			12419279	HEATH MOUNT SCHOOL		[-0.0897127,51.8546636]	
10033105690			12404223	HAILEYBURY AND IMPERIAL SERVICE COLLEGE		[-0.0334551,51.7789263]	
10033235796			37801288	SAINT VINCENT DE PAUL ROMAN CATHOLIC PRIMARY SCHOOL		[-0.1814829,51.9064294]	
10034168582			17225123	HABERDASHERS ASKES SCHOOL FOR GIRLS		[-0.3100289,51.6542008]	
10034169084			17204134	RADLETT NURSERY INFANT SCHOOL		[-0.3139462,51.6782922]	2007-12-10
10034169247			17210436	SHENLEY PRIMARY SCHOOL		[-0.2800762,51.6903360]	
10034169291			17214414	MANOR LODGE SCHOOL		[-0.2619509,51.7061471]	
10034169295			17221180	HERTSMERE JEWISH PRIMARY SCHOOL		[-0.3061027,51.6698705]	
10034169302			17206837	ST JOHN'S C OF E INFANT AND NURSERY SCHOOL		[-0.3276160,51.6822014]	
10034169324			17221155	FAIR FIELD JUNIOR SCHOOL		[-0.3350075,51.6798516]	
10034169327			17212189	NEWBERRIES PRIMARY SCHOOL		[-0.3077011,51.6820690]	
10034169363			17200847	PARKSIDE COMMUNITY PRIMARY SCHOOL		[-0.2810061,51.6700092]	
10034169384			17202368	ST TERESAS RC SCHOOL		[-0.2709095,51.6602030]	
10034169388			17225123	HABERDASHERS ASKES BOYS SCHOOL		[-0.3123091,51.6565703]	
10034169477			17206620	DEVELOPMENT AT FORMER FURZEHILL MIDDLE SCHOOL		[-0.2747066,51.6523636]	2014-05-29
10034169478			17206620	SUMMERSWOOD PRIMARY SCHOOL		[-0.2677417,51.6503905]	
10034169520			17208610	HILLSIDE SCHOOL		[-0.2661744,51.6543330]	2007-12-10
10034169521			17208610	MONKSMEAD SCHOOL		[-0.2646487,51.6549129]	
10034169532			17209368	KENILWORTH PRIMARY SCHOOL		[-0.2564493,51.6549712]	
10034169598			17212279	SAFFRON GREEN PRIMARY SCHOOL		[-0.2524348,51.6507210]	
10034169832			17216066	ST NICHOLAS ELSTREE C OF E VA PRIMARY SCHOOL		[-0.2961601,51.6446288]	
10034169892			17217747	MERYFIELD COMMUNITY PRIMARY SCHOOL		[-0.2869425,51.6648445]	
10034169917			17221951	COWLEY HILL PRIMARY SCHOOL		[-0.2735268,51.6647557]	
10034169918			17200224	WOODLANDS PRIMARY SCHOOL		[-0.2738931,51.6657683]	
10034169955			17201786	ST GILES C OF E PRIMARY SCHOOL		[-0.2316051,51.6949210]	
10034170475			17203339	OAKMERE PRIMARY SCHOOL		[-0.1642661,51.6944811]	
10034170478			17208085	LOCHINVER HOUSE SCHOOL		[-0.1833678,51.7056500]	
10034170483			17200945	POPE PAUL RC PRIMARY SCHOOL		[-0.1986006,51.6901570]	
10034170485			17205346	DAME ALICE OWENS SCHOOL		[-0.2068346,51.6908495]	
10034170488			17222215	THE WROXHAM SCHOOL		[-0.2139717,51.6995730]	
10034170504			17204907	NORFOLK LODGE SCHOOL		[-0.2066842,51.6800025]	
10034170512			17217071	STORMONT SCHOOL		[-0.1705376,51.7004330]	
10034170724			17208417	ST HILDAS SCHOOL		[-0.3584179,51.6419154]	
10034170740			17214288	LITTLE REDDINGS PRIMARY SCHOOL		[-0.3552533,51.6476120]	
10034170745			17201918	BOURNEHALL PRIMARY SCHOOL		[-0.3603866,51.6499590]	
10034170754			17205754	93		[-0.3318586,51.6419134]	2008-11-27
10034170765			17217622	BUSHEY HEATH PRIMARY SCHOOL		[-0.3413209,51.6368768]	
10034170798			17210472	THE BUSHEY ACADEMY		[-0.3695965,51.6462835]	
10034170800			17205964	FALCONER SCHOOL		[-0.3681834,51.6469922]	
10034170803			17211510	SACRED HEART CATHOLIC PRIMARY SCHOOL		[-0.3711074,51.6440564]	
10034170807			17211510	ST MARGARETS SCHOOL		[-0.3620285,51.6381029]	
10034170811			17202710	LONGWOOD SCHOOL		[-0.3750132,51.6544608]	
10034170817			17215175	MERRY HILL INFANT SCHOOL		[-0.3553999,51.6379742]	
10034170820			17215175	ASHFIELD JUNIOR SCHOOL		[-0.3571619,51.6392039]	
10034170885			17207858	HARTSBOURNE PRIMARY SCHOOL		[-0.3423275,51.6310729]	
10034170886			17207858	6/WESTWOOD SCHOOL		[-0.3404759,51.6323147]	
10034170892			17202714	HIGHWOOD PRIMARY SCHOOL		[-0.3758108,51.6660058]	
10034170930			17200278	THE PURCELL SCHOOL		[-0.3669565,51.6602120]	
10034170935			17207107	BUSHEY MANOR JUNIOR SCHOOL		[-0.3756379,51.6471047]	
10034170938			17204166	BUSHEY MEADS SCHOOL		[-0.3487265,51.6490221]	
10034170940			17225123	ALDENHAM SCHOOL		[-0.3278934,51.6632679]	
10034170943	10013907968	10013907968	17217316	BHAKTIVEDANTA MANOR		[-0.3363475,51.6657619]	
10034171043			17225043	CLORE SHALOM SCHOOL		[-0.2896577,51.7043835]	
10034171060			17208357	THE PARK EDUCATION SUPPORT CENTRE		[-0.1777870,51.6946730]	
10034171148			17225211	FORMER WALL HALL CAMPUS		[-0.3566130,51.6818487]	2009-05-12
10034171244			17225103	LADBROOK JMI SCHOOL		[-0.1797288,51.6964214]	
10034171266			17206757	LYNDHURST MIDDLE SCHOOL SITE		[-0.2838271,51.6650148]	2007-12-10
10034515001			12450078	AMWELL VIEW SCHOOL		[-0.0029758,51.7865452]	
10034515308			12403848	LITTLE MUNDEN JMI SCHOOL		[-0.0628651,51.8791394]	
10034515743			12416029	ST JOSEPHS IN THE PARK		[-0.0969993,51.7897530]	
10034516141			12403065	HORMEAD JMI SCHOOL		[0.0324610,51.9497765]	
10034620697			12415173	ARDELEY JMI SCHOOL		[-0.0983234,51.9265041]	
10034620721			12419986	FURNEUX PELHAM JMI SCHOOL		[0.0816475,51.9311293]	
10034620735			12408445	HIGH WYCH JMI SCHOOL		[0.1204514,51.8063040]	
10034621124			12425349	ANSTEY JMI SCHOOL		[0.0432737,51.9757486]	
10034621513			12425150	PULLER MEMORIAL JMI SCHOOL		[-0.0207950,51.8508598]	
10034622707			12420003	HADHAM HALL		[0.1091807,51.8846366]	
10070034762			27901147	HEXTON JMI SCHOOL		[-0.3939414,51.9607801]	
10070035441			27915482	ASHWELL PRIMARY SCHOOL		[-0.1538074,52.0394905]	
10070035446			27902324	ST FRANCIS COLLEGE		[-0.2329512,51.9729231]	2013-05-02
10070035524			27902679	THE GLOVER CENTRE		[-0.2720948,51.9593537]	
10070035528	10070035524	10070035524	27902679	8-9		[-0.2720948,51.9593537]	
10070036352			27916729	KNEBWORTH PRIMARY SCHOOL		[-0.1825926,51.8645763]	
10070036889			27912998	LAND AT		[-0.3267053,51.8852868]	
10070036939			27906356	LORDSHIP FARM PRIMARY SCHOOL		[-0.2215015,51.9640881]	
10070036940			27900900	PRESTON PRIMARY (VC) SCHOOL		[-0.2873706,51.9069794]	
10070037095			27925037	HARTSFIELD JMI SCHOOL		[-0.1822838,51.9909452]	
10070037690			27908408	BARKWAY FIRST SCHOOL		[0.0147203,52.0007540]	
10070037695			27913976	ST JOHNS ROMAN CATHOLIC PRIMARY SCHOOL		[-0.1812949,51.9837184]	
10070038666			27925283	SITE OF FORMER LANNOCK PRIMARY SCHOOL		[-0.2061353,51.9696043]	
10070040037			27901268	PRIORY SCHOOL		[-0.2825427,51.9625654]	
10070040548			27910981	COCKERNHOE ENDOWED CHURCH OF ENGLAND PRIMARY SCHOOL		[-0.3674121,51.8981821]	
10070041104			27906216	WILSHERE DACRE JUNIOR SCHOOL		[-0.2798238,51.9541493]	
10070041506			27910905	WESTON PRIMARY SCHOOL		[-0.1631825,51.9562456]	
10070041838			27912114	FORMER NURSERY SCHOOL		[-0.2296000,51.9807318]	2009-02-13
10070041860			27912721	OUR LADYS SCHOOL		[-0.2788076,51.9627940]	
10070042022			27909144	FEARNHILL SCHOOL		[-0.2474481,51.9763678]	
10070042066			27900565	ICKLEFORD PRIMARY SCHOOL		[-0.2788013,51.9724243]	
10070042203			27921404	SITE OF FORMER WESTBURY PRIMARY SCHOOL		[-0.2369696,51.9740364]	2014-11-27
10070042509			27916313	KINGSHOTT SCHOOL		[-0.2580044,51.9386220]	
10070043081			27915162	THE PRINCESS HELENA COLLEGE		[-0.2828894,51.9094380]	
10070043591			27915155	OFFLEY ENDOWED PRIMARY SCHOOL		[-0.3411097,51.9319376]	
10070250077			37825017	WOOLENWICK JUNIOR SCHOOL		[-0.2164868,51.9095243]	
10070250215			37808675	JOHN HENRY NEWMAN SECONDARY SCHOOL		[-0.2149173,51.9201192]	
10070250376			37808904	BROOM BARNS COMMUNITY PRIMARY SCHOOL		[-0.1943431,51.9007547]	
10070250538			37813853	FAIRLANDS PRIMARY SCHOOL AND NURSERY		[-0.1998993,51.9091095]	
10070250653			37808367	THOMAS ALLEYNE SECONDARY SCHOOL		[-0.2064651,51.9157425]	
10070250749			37810117	LETCHMORE INFANTS AND NURSERY SCHOOL		[-0.2024637,51.9129414]	
10070251057			37816001	ROEBUCK PRIMARY SCHOOL AND NURSERY		[-0.1898929,51.8877899]	
10070251058			37802283	ST MARGARET CLITHEROW ROMAN CATHOLIC PRIMARY SCHOOL		[-0.1920177,51.8897350]	2010-11-22
10070251106			37815520	ST NICHOLAS CHURCH OF ENGLAND PRIMARY SCHOOL AND NURSERY		[-0.1855367,51.8983346]	
10070251194			37810594	PIN GREEN JMI SCHOOL		[-0.1871067,51.9090752]	2007-06-07
10070251352			37821965	TROTTS HILL PRIMARY SCHOOL AND NURSERY		[-0.1880907,51.9190302]	
10070251488			37802691	SHEPHALBURY PARK PRIMARY SCHOOL		[-0.1748791,51.8836012]	
10070251492			37815360	GREENSIDE SPECIAL SCHOOL		[-0.1772117,51.8891762]	
10070251539			37813440	PEARTREE WAY NURSERY SCHOOL		[-0.1802281,51.8925670]	
10070251555			37801288	BEDWELL PRIMARY SCHOOL AND NURSERY		[-0.1817404,51.9047933]	
10070251580			37821228	MOSS BURY PRIMARY SCHOOL AND NURSERY		[-0.1805919,51.9126907]	
10070251705			37805417	GILES NURSERY AND INFANT SCHOOL		[-0.1825908,51.9215405]	
10070251862			37804232	BARNWELL SCHOOL EAST CAMPUS		[-0.1650181,51.8986902]	
10070251951			37806067	FEATHERSTONE WOOD PRIMARY SCHOOL		[-0.1666192,51.8934651]	
10070251956			37803622	ASHTREE PRIMARY SCHOOL AND NURSERY		[-0.1651797,51.8977205]	
10070251971			37803552	CAMPS HILL COMMUNITY PRIMARY SCHOOL		[-0.1693779,51.9072798]	
10070251974			37803552	STEVENAGE EDUCATION SUPPORT CENTRE		[-0.1695324,51.9075716]	2016-02-22
10070252008			37811751	LODGE FARM PRIMARY SCHOOL		[-0.1690441,51.9099289]	
10070252009			37811751	NOBEL SECONDARY SCHOOL		[-0.1678175,51.9112883]	
10070252209			37805654	REDEMPTION ACADEMY		[-0.1648890,51.9091451]	
10070254516			37802231	MARRIOTTS AND LONSDALE SECONDARY SCHOOL		[-0.1757341,51.9042042]	
10070255016			37811798	DA VINCI STUDIO SCHOOL		[-0.2002345,51.8965543]	
10090229043			42401421	CASSIOBURY INFANT SCHOOL		[-0.4225243,51.6684442]	
10090230166			42408157	LANCHESTER COMMUNITY FREE SCHOOL		[-0.4070559,51.6607204]	
10090230309			42400620	ASCOT ROAD COMMUNITY FREE SCHOOL		[-0.4222331,51.6493168]	
10090230432			42404257	THE WATFORD UTC		[-0.3870438,51.6659974]	
10090787575	200000945836	200000945836	40430114	3/SYMBIO POINT SCHOOL CATERING SERVICES		[-0.4288714,51.6399446]	
10091063479			43022131	SOUTHFIELD SCHOOL		[-0.2249082,51.7595468]	
10093185491			37320757	HARPENDEN ACADEMY		[-0.3532719,51.8157816]	
148000303			4809279	WOODSIDE PRIMARY SCHOOL		[-0.0913944,51.7069062]	
148001200			4804945	BONNEYGROVE PRIMARY SCHOOL		[-0.0587435,51.7027832]	
148001225			4806960	GOFFS SCHOOL		[-0.0578645,51.7060781]	
148003390			4810567	FLAMSTEAD END INFANT AND NURSERY SCHOOL		[-0.0562205,51.7160777]	2013-04-30
148003391			4810567	FLAMSTEAD END SCHOOL		[-0.0558065,51.7156032]	
148004104			4814712	FAIRFIELDS PRIMARY SCHOOL & NURSERY		[-0.0586739,51.7149041]	
148004105			4800445	ANDREWS LANE PRIMARY SCHOOL		[-0.0533640,51.7104462]	
148004106			4813240	ST PAULS CATHOLIC PRIMARY SCHOOL		[-0.0513923,51.7155753]	
148005594			4811654	GOFFS OAK PRIMARY SCHOOL		[-0.0949526,51.7142028]	
148006264			4809091	HURST DRIVE PRIMARY SCHOOL		[-0.0402212,51.6846436]	
148006266			4809091	GREENFIELD NURSERY SCHOOL		[-0.0394837,51.6839658]	
148007251			4804740	HOLY TRINITY C OF E PRIMARY SCHOOL		[-0.0367028,51.6950794]	2008-02-05
148007270			4806803	MILLBROOK PRIMARY AND NURSERY SCHOOL		[-0.0333969,51.7059146]	
148007372			4801806	ARLESDENE NURSERY SCHOOL		[-0.0394348,51.7038481]	
148007376			4804221	CHESHUNT SCHOOL		[-0.0464939,51.7009079]	
148009462			4801806	BURLEIGH PRIMARY SCHOOL		[-0.0377805,51.7049536]	
148013809			4809492	FOUR SWANNES PRIMARY SCHOOL		[-0.0306461,51.6879367]	
148013810			4810512	HOLDBROOK PRIMARY SCHOOL		[-0.0204926,51.6842230]	
148013990			4805265	DOWNFIELD PRIMARY SCHOOL		[-0.0288388,51.6985631]	
148014635			4814816	ST JOSEPHS CATHOLIC PRIMARY SCHOOL		[-0.0289922,51.6913713]	
148017382			4803642	MAYFIELD INFANTS AND NURSERY SCHOOL		[-0.0277760,51.7153527]	2012-01-25
148017396			4811625	HAILEYBURY TURNFORD		[-0.0263076,51.7118389]	
148018474			4805694	BROOKLAND JUNIOR SCHOOL		[-0.0269620,51.7101053]	
148018858			4803642	ST CLEMENTS C E VA JUNIOR SCHOOL		[-0.0275117,51.7157709]	2012-01-25
148020211			4812518	LONGLANDS PRIMARY SCHOOL AND NURSERY		[-0.0244902,51.7236516]	
148023165			4804567	WORMLEY C OF E PRIMARY SCHOOL		[-0.0188074,51.7367301]	
148023171			4808328	THE BROXBOURNE SCHOOL		[-0.0240079,51.7406934]	
148023635			4808328	BROXBOURNE SCHOOL		[-0.0240075,51.7407024]	2008-02-05
148023714			4811622	BROXBOURNE C E PRIMARY SCHOOL		[-0.0177995,51.7415601]	
148024825			4801461	SHEREDES PRIMARY SCHOOL AND NURSERY		[-0.0200622,51.7524163]	
148025150			4804138	SHEREDES SCHOOL		[-0.0179134,51.7545023]	
148025559			4821466	WESTFIELD COMMUNITY PRIMARY SCHOOL		[-0.0193688,51.7652640]	
148025794			4808513	ROSELANDS PRIMARY SCHOOL		[-0.0182223,51.7748846]	
148025980			4825004	HAILEY HALL SCHOOL		[-0.0162553,51.7780887]	
148027880			4820663	ST CROSS CATHOLIC PRIMARY SCHOOL		[-0.0126030,51.7533516]	
148027916			4807890	HASLEWOOD JUNIOR SCHOOL		[-0.0091785,51.7623491]	2008-02-05
148029214			4814516	ST AUGUSTINES CATHOLIC PRIMARY SCHOOL		[-0.0088870,51.7584414]	
148029242			4807890	ST CATHERINES HODDESDON VC CE PRIMARY SCHOOL		[-0.0089167,51.7623717]	
148030156			4825235	RIVERS EDUCATION SUPPORT CENTRE		[-0.0050902,51.7650135]	
148030347			4820984	RYE PARK NURSERY SCHOOL		[-0.0022514,51.7692368]	
148031716			4822482	THE JOHN WARNER SCHOOL		[-0.0020652,51.7747640]	
148031977			4822482	FORRES PRIMARY SCHOOL		[-0.0063737,51.7720585]	
148034021			4802197	CRANBOURNE PRIMARY SCHOOL		[-0.0063953,51.7765011]	
148037495			4803954	DEWHURST ST MARYS C OF E PRIMARY SCHOOL		[-0.0472655,51.7055071]	
148037502			4804221	LITTLEBURY		[-0.0433478,51.7027172]	
148037591			4805837	FRANKLAND JUNIOR SCHOOL		[-0.0055251,51.7650119]	2008-02-05
148040093			4800894	THE OLD SCHOOL HALL		[-0.0384819,51.7422755]	
148040099			4801806	GRANGEWOOD INFANTS SCHOOL		[-0.0386946,51.7042315]	
148040234			4805694	BROOKLAND INFANT AND NURSERY SCHOOL		[-0.0279941,51.7100058]	
148045045			4825154	ST MARYS C OF E VA HIGH SCHOOL		[-0.0548219,51.6963607]	
148046123			4803642	CHURCHFIELD CE VA PRIMARY SCHOOL & NURSERY		[-0.0275946,51.7155295]	
200000583621			37823061	38		[-0.1996971,51.9025753]	
200000584791			37809121	PEARTREE SPRING JUNIOR SCHOOL		[-0.1756102,51.8924784]	
200000586367			37821228	HILLTOPS SCHOOL		[-0.1893112,51.9124631]	2007-06-07
200000586615			37815360	SHEPHALL GREEN INFANTS SCHOOL		[-0.1757402,51.8885509]	2007-06-07
200000586715			37812656	LONGMEADOW PRIMARY SCHOOL		[-0.1729975,51.8834369]	
200000586760			37821228	HIGH WICK SCHOOL		[-0.1814803,51.9141139]	2007-08-16
200000586765			37820744	VALLEY SPECIAL SCHOOL		[-0.1879282,51.8901059]	
200000586798			37805417	GILES JUNIOR SCHOOL		[-0.1827324,51.9209133]	
200000586959			37800369	ALMOND HILL JUNIOR SCHOOL		[-0.1971724,51.9180059]	
200000587011			37825017	WOOLENWICK INFANT AND NURSERY SCHOOL		[-0.2152446,51.9092979]	
200000848037			27908376	FORMER SOUTH LODGE SCHOOL		[-0.1831103,51.9845055]	2013-11-04
200000930109			42408983	GARSTON MANOR SCHOOL		[-0.3904817,51.6972963]	
200000930232			42404780	ST ANTHONYS CATHOLIC PRIMARY SCHOOL		[-0.4200764,51.6477743]	
200000930244			42417917	HOLYWELL PRIMARY SCHOOL		[-0.4183046,51.6442794]	
200000930306			42408157	WATFORD CAMPUS		[-0.4061880,51.6600588]	
200000930348			42403891	NORTHFIELD SCHOOL		[-0.4056416,51.6686209]	2010-06-28
200000930370			42412063	NASCOT WOOD INFANT SCHOOL		[-0.4091782,51.6704583]	
200000930454			42416179	CENTRAL PRIMARY SCHOOL		[-0.3917781,51.6558247]	
200000930805			42401539	CHERRY TREE PRIMARY SCHOOL		[-0.4040866,51.6815933]	
200000930999			42400502	STANBOROUGH PRIMARY SCHOOL		[-0.3938754,51.6872718]	
200000931000			42401421	CASSIOBURY JUNIOR SCHOOL		[-0.4220862,51.6669007]	
200000931005			42407868	MERIDEN INFANTS SCHOOL		[-0.3852771,51.6817136]	2010-10-19
200000931009			42412080	WATFORD FIELD INFANTS SCHOOL		[-0.3932652,51.6509803]	
200000931010			42412222	ALBANWOOD JUNIOR SCHOOL		[-0.3981149,51.6958631]	2011-04-20
200000931011			42412362	KINGSWAY INFANTS SCHOOL		[-0.4077429,51.6887017]	
200000931015			42414402	WATFORD GRAMMAR SCHOOL FOR BOYS		[-0.4143016,51.6550251]	
200000931022			42412063	NASCOT WOOD JUNIOR SCHOOL		[-0.4108311,51.6703368]	
200000932394			42425008	BUSHEY AND OXHEY INFANTS SCHOOL		[-0.3799364,51.6473529]	
200000932963			42409717	WATFORD GIRLS GRAMMAR SCHOOL		[-0.3961683,51.6514606]	
200000933530			42420826	LAURANCE HAINES SCHOOL		[-0.4073841,51.6469823]	
200000935688			40400213	ST JOSEPHS CATHOLIC PRIMARY SCHOOL		[-0.3968495,51.6272534]	
200000936323			40407037	WARREN DELL PRIMARY SCHOOL		[-0.3917873,51.6286319]	
200000936325			40407037	LITTLE FURZE JUNIOR MIXED INFANTS SCHOOL		[-0.4013097,51.6269636]	
200000936463			40408295	ST MICHAELS ROMAN CATHOLIC SCHOOL		[-0.3859148,51.6995714]	
200000936541			42408983	ST CATHERINE OF SIENA ROMAN CATHOLIC JUNIOR MIXED SCHOOL		[-0.3855495,51.6964192]	
200000936996			40422067	WOODHALL PRIMARY AND NURSERY SCHOOL		[-0.3838042,51.6207168]	
200000937663			40413362	ABBOTS LANGLEY PRIMARY SCHOOL		[-0.4166060,51.7100067]	
200000937879			40411404	BEDMOND VILLAGE PRIMARY SCHOOL		[-0.4129397,51.7192278]	
200000938388			40401543	ST JOHNS ROMAN CATHOLIC JMI SCHOOL		[-0.4905497,51.6379450]	
200000938389			40401543	ARNETT HILLS JMI SCHOOL		[-0.4943978,51.6452332]	
200000938744			40406574	MAPLE CROSS JUNIOR MIXED INFANTS SCHOOL		[-0.5130872,51.6186926]	
200000939091			40413266	RICKMANSWORTH PARK JMI SCHOOL		[-0.4677203,51.6421368]	
200000939110			40403767	ROYAL MASONIC SCHOOL		[-0.4736077,51.6480044]	
200000939114			40415081	NORTHWOOD PREPARATORY SCHOOL		[-0.4373047,51.6339494]	
200000939120			40415365	SHEPHERD PRIMARY SCHOOL		[-0.4959919,51.6368099]	
200000939149			40416344	ST MARYS C OF E PRIMARY SCHOOL		[-0.4741932,51.6301353]	
200000939305			40402475	THE RUSSELL SCHOOL		[-0.5275077,51.6551128]	
200000939626			40414399	CHRIST CHURCH CHURCH OF ENGLAND SCHOOL		[-0.5038903,51.6580605]	
200000939671			40416118	CHORLEYWOOD PRIMARY SCHOOL		[-0.5232159,51.6466152]	
200000939816			40407874	HARVEY ROAD PRIMARY SCHOOL		[-0.4499129,51.6451589]	
200000939818			40410223	LITTLE GREEN JUNIOR SCHOOL		[-0.4452655,51.6576418]	
200000939830			40410961	MALVERN WAY INFANT AND NURSERY SCHOOL		[-0.4400111,51.6506663]	
200000940071			40417314	SARRATT CHURCH OF ENGLAND SCHOOL		[-0.4929366,51.6823164]	
200000940101			40401680	EASTBURY FARM PRIMARY SCHOOL		[-0.4185463,51.6240497]	
200000940258			40415079	MERCHANT TAYLORS SCHOOL		[-0.4244621,51.6351001]	
200000941579			40402439	DIVINE SAVIOUR RC PRIMARY SCHOOL		[-0.4281702,51.7004329]	
200000941612	100081142196	100081142196	40408295	HIGH ELMS MANOR SCHOOL		[-0.3936193,51.7018622]	
200000941869			40405359	YORKE MEAD PRIMARY		[-0.4506555,51.6505101]	
200000942752			40413002	OXHEY WOOD PRIMARY SCHOOL		[-0.3911436,51.6247743]	
200000945836			40430114	WOLSEY BUSINESS PARK		[-0.4258259,51.6407836]	
200001050871			37302051	VERULAM SCHOOL		[-0.3161882,51.7554678]	
200001051796			10310457	WESTBROOK HAY SCHOOL		[-0.5157342,51.7388885]	
200001052046			10300195	HOBLETTS MANOR JUNIOR SCHOOL		[-0.4499596,51.7585323]	
200001531133			10303628	ASHLYNS SCHOOL		[-0.5641684,51.7533917]	
200001849551			37320973	ST BERNADETTE RC NURSERY AND PRIMARY SCHOOL		[-0.2997674,51.7193441]	
200001850464			37313594	SAUNCEY WOOD PRIMARY SCHOOL		[-0.3369530,51.8275294]	
200001852113			10301109	BELSWAINS INFANTS SCHOOL		[-0.4540986,51.7379141]	2010-04-28
200001853403			27905909	PURWELL JMI SCHOOL		[-0.2476868,51.9535221]	2013-08-16
200001853404			27916058	MARY EXTON JMI SCHOOL		[-0.2513726,51.9474530]	2013-08-16
200001853408			27916474	WILLIAM RANSOM JMI SCHOOL		[-0.2590647,51.9479627]	2013-08-16
200001853409			27901485	ST ANDREWS J M I SCHOOL		[-0.2662870,51.9500837]	2013-08-16
200001853410			27912721	STRATHMORE INFANT SCHOOL		[-0.2793675,51.9614804]	2013-08-16
200001853411			27911273	OUGHTON PRIMARY AND NURSERY SCHOOL		[-0.2920545,51.9562700]	
200001853414			27908354	PIRTON JMI SCHOOL		[-0.3337287,51.9729001]	2013-11-04
200001882322			37307913	LAW SCHOOL UNIVERSITY OF HERFORDSHIRE		[-0.3347211,51.7546440]	2012-09-03
200002748143			37300405	ELMFIELD		[-0.3641844,51.8293321]	
200002748205			43004718	HOLY FAMILY RC SCHOOL		[-0.1818085,51.8119513]	
200002765011			12408075	KINGSHILL INFANT SCHOOL		[-0.0327002,51.8195953]	
200003631681			37307454	THE ABBEY C OF E VOLUNTARY AIDED PRIMARY SCHOOL		[-0.3428267,51.7484359]	
200003633155			37307913	228/FLEETVILLE JM SCHOOL		[-0.3146429,51.7514441]	
200003633791			37350073	LINKS EDUCATION SUPPORT CENTRE		[-0.2935848,51.7489641]	
200003634003			37350000	ST ALBANS SCHOOL		[-0.3463554,51.7507730]	
200003634307			37303278	SS ALBAN AND STEPHEN R C JUNIOR SCHOOL		[-0.3201022,51.7499487]	
200003634625			37302060	PARK STREET C OF E PRIMARY SCHOOL AND NURSERY		[-0.3409978,51.7197532]	
200003634749			37317589	SANDRINGHAM SCHOOL		[-0.3078067,51.7707689]	
200003634895			37315722	TOWNSEND C OF E SCHOOL		[-0.3429391,51.7739402]	
200003636333			37308049	ST JOHN FISHER CATHOLIC PRIMARY SCHOOL		[-0.3037439,51.7658636]	
200003636631			37302864	CAMP PRIMARY AND NURSERY SCHOOL		[-0.3093146,51.7467096]	
200003636677			37303317	CUNNINGHAM HILL JUNIOR SCHOOL		[-0.3145406,51.7448604]	
200003637247			37317983	GARDEN FIELDS JMI SCHOOL		[-0.3374504,51.7643491]	
200003637356			37308306	MARGARET WIX PRIMARY SCHOOL		[-0.3423199,51.7708357]	
200003637592			37316896	BOWMANSGREEN PRIMARY SCHOOL		[-0.3009755,51.7218793]	
200003637817			37311944	MOUNT PLEASANT LANE JMI SCHOOL		[-0.3767587,51.7059283]	
200003638188			37311846	THE LEA PRIMARY SCHOOL		[-0.3535031,51.8293359]	
200003640571			37309513	8/WATLING HOUSE		[-0.3509849,51.7427493]	
200003641145			37308037	HOMEWOOD INDEPENDENT SCHOOL		[-0.3573042,51.7144135]	
200003641146			37305454	KILLIGREW PRIMARY AND NURSERY SCHOOL		[-0.3532918,51.7312293]	
200003641156			37315756	HOW WOOD PRIMARY SCHOOL		[-0.3452215,51.7202444]	
200003641157			37321184	ST ADRIANS RC PRIMARY SCHOOL AND NURSERY		[-0.3437966,51.7378580]	
200003641217			37307622	MAPLE PRIMARY SCHOOL		[-0.3321105,51.7558928]	
200003641225			37321187	BERNARDS HEATH JUNIOR SCHOOL		[-0.3282639,51.7647043]	
200003641308			37305262	WHEATFIELDS JM SCHOOL		[-0.3116743,51.7715717]	
200003641454			37314777	ROUNDWOOD PRIMARY SCHOOL		[-0.3717175,51.8198026]	
200003641469			37315681	ST DOMINIC ROMAN CATHOLIC PRIMARY SCHOOL		[-0.3509354,51.8118284]	
200003641487			37303808	ST NICHOLAS CHURCH OF ENGLAND VA PRIMARY SCHOOL		[-0.3580375,51.8163878]	
200003641529			37300302	HIGH BEECHES PRIMARY SCHOOL		[-0.3356684,51.8131689]	
200003641555			37312522	BEECH HYDE PRIMARY AND NURSERY SCHOOL		[-0.2897956,51.8070614]	
200003641811	200002748143	200002748143	37300405	THE KINGS SCHOOL		[-0.3643575,51.8293615]	
200003642744			37307913	OAKLANDS COLLEGE SMALLFORD CAMPUS		[-0.2881644,51.7555305]	
200003853528			43018009	NEW BARNFIELD		[-0.2242349,51.7420193]	
200003854751			43015164	COUNTESS ANNE CHURCH OF ENGLAND SCHOOL		[-0.2184720,51.7651236]	
200003855667			43020877	NORTHAW C OF E PRIMARY SCHOOL		[-0.1480943,51.7060520]	
200003856315			43009673	MONKS WALK SCHOOL		[-0.2113210,51.8198945]	
200003856511			43009673	KNIGHTSFIELD SCHOOL		[-0.2089172,51.8219710]	
200003856924			43008224	ST JOHNS VA C OF E PRIMARY SCHOOL		[-0.1890792,51.8184030]	
200003857468			43008650	SPRINGMEAD PRIMARY SCHOOL		[-0.1692920,51.8032595]	
200003857964			43007881	HARWOOD JMI SCHOOL		[-0.2004696,51.8162129]	2015-02-04
200003858063			43009630	HOMERSWOOD PRIMARY AND NURSERY SCHOOL		[-0.2035906,51.8168991]	
200003858193			43013518	TEMPLEWOOD PRIMARY SCHOOL		[-0.2091324,51.8099608]	
200003858396			43022065	OUR LADY CATHOLIC PRIMARY SCHOOL		[-0.2006156,51.7910283]	
200003858426			43001658	FORMER SALISBURY INFANTS SCHOOL		[-0.2257306,51.7695948]	2015-02-04
200003858432			43002125	HATFIELD COMMUNITY FREE SCHOOL		[-0.2291491,51.7592961]	
200003858679			43010108	ST JOHNS CHURCH OF ENGLAND JMI SCHOOL		[-0.2352018,51.7939532]	
200003858725			43013719	THE RYDE SCHOOL		[-0.2120153,51.7726421]	
200003858822			43018011	BISHOPS WOOD INFANTS SCHOOL		[-0.2236456,51.7452207]	2015-02-04
200003858848			43022131	FORMER MILLWARDS JM SCHOOL		[-0.2238317,51.7563382]	2009-03-30
200003858850			43022131	FORMER THE DOWNS INFANT SCHOOL		[-0.2238317,51.7563382]	2009-03-30
200003858913			43015179	LITTLE HEATH PRIMARY SCHOOL		[-0.1748013,51.7056070]	
200003858944	200003853528	200003853528	43018009	HATFIELD SCHOOL		[-0.2242349,51.7420193]	
200003859054			43010445	12/ST MICHAELS WOOLMER GREEN SCHOOL		[-0.1815378,51.8507482]	
200003860724			43018612	3/SHERRARDSWOOD SCHOOL		[-0.2065176,51.8283187]	
200004050529			10313909	VICTORIA CHURCH OF ENGLAND PRIMARY SCHOOL		[-0.5646129,51.7590171]	
200004050811			10304106	BLESSED CUTHBERT MAYNE ROMAN CATHOLIC SCHOOL		[-0.4825565,51.7595424]	
200004050827			10340020	BEECHWOOD PARK SCHOOL		[-0.4847742,51.8191691]	
200004050853			10308081	HEMEL HEMPSTEAD SCHOOL		[-0.4788171,51.7492341]	
200004051021			10301442	NASH MILLS CHURCH OF ENGLAND PRIMARY SCHOOL		[-0.4541063,51.7321772]	
200004057127			10311062	ARTS EDUCATIONAL SCHOOL		[-0.6577067,51.7917231]	
200004057263			10300162	ST ALBERT THE GREAT R C PRIMARY		[-0.4463976,51.7466518]	
200004057611			10302195	BRIDGEWATER MIDDLE SCHOOL		[-0.5751652,51.7708530]	
200004057767			10321890	BROADFIELD JUNIOR SCHOOL		[-0.4571865,51.7535381]	
200004057839			10302828	HAMMOND ACADEMY		[-0.4554083,51.7691246]	
200004057882			10303263	MARKYATE JMI SCHOOL		[-0.4671772,51.8379136]	
200004057990			10303775	GOLDFIELD INFANTS SCHOOL		[-0.6687301,51.7940604]	
200004058018			10303887	POTTEN END C OF E PRIMARY SCHOOL		[-0.5266181,51.7703381]	
200004058043			10304290	ST BARTHOLOMEWS CHURCH OF ENGLAND SCHOOL		[-0.6434599,51.7823250]	
200004058046			10304298	KINGS LANGLEY JMI SCHOOL		[-0.4564928,51.7173807]	
200004058082			10304556	BOXMOOR JMI SCHOOL		[-0.4884202,51.7492770]	
200004058124			10305424	WESTFIELD JMI SCHOOL		[-0.5851595,51.7664057]	
200004058270			10306252	YEWTREE PRIMARY SCHOOL		[-0.4601846,51.7642058]	
200004058346			10306783	GEORGE STREET PRIMARY SCHOOL		[-0.4685428,51.7591636]	
200004059490			10312169	NORTHCHURCH ST MARYS C OF E FIRST SCHOOL		[-0.5894514,51.7702184]	
200004059956			10316275	LONG MARSTON J M I SCHOOL		[-0.6996728,51.8324739]	
200004060194			10321092	BARNCROFT J M I SCHOOL		[-0.4654472,51.7759653]	
200004060609			10310627	KINGS LANGLEY SCHOOL		[-0.4621698,51.7160343]	
200004060719			10316757	THE THOMAS CORAM MIDDLE SCHOOL		[-0.5578267,51.7514527]	
