14366	
149	27-03-2014
117	08-07-2014
108	15-10-2013
103	26-02-2014
96	03-06-2015
89	05-06-2013
88	17-09-2014
87	22-01-2014
87	11-12-2013
86	07-05-2014
85	03-07-2013
84	20-11-2013
84	19-06-2013
84	03-12-2014
83	18-03-2014
83	08-05-2013
83	05-02-2014
82	29-01-2014
82	10-07-2013
82	06-05-2015
82	04-06-2014
81	24-03-2015
81	15-07-2014
81	12-11-2014
80	27-02-2013
80	19-03-2014
80	15-01-2014
79	12-06-2013
78	17-06-2014
78	06-11-2013
77	16-01-2013
76	05-12-2013
76	02-07-2014
74	24-09-2014
74	22-05-2013
74	13-02-2013
74	12-02-2014
74	05-03-2014
73	13-11-2013
73	06-02-2013
72	18-06-2014
72	15-05-2013
72	12-03-2013
72	05-11-2014
71	25-02-2015
71	18-09-2013
71	12-03-2014
71	01-05-2013
70	23-01-2013
70	11-02-2014
69	30-04-2014
69	19-11-2014
69	19-03-2013
69	11-03-2015
69	04-12-2013
68	30-01-2013
68	25-09-2013
68	15-10-2014
68	11-02-2015
68	09-07-2013
68	05-12-2012
68	02-07-2013
67	28-01-2014
67	25-06-2013
67	24-06-2015
67	20-03-2013
67	17-10-2012
67	14-05-2014
67	02-10-2013
66	24-04-2013
66	18-03-2015
66	05-03-2013
65	23-10-2013
65	11-06-2014
65	11-03-2014
65	08-10-2013
65	06-03-2013
64	27-11-2013
64	26-11-2013
64	21-11-2012
64	21-01-2015
64	14-03-2013
63	10-12-2014
63	03-10-2013
63	01-12-2011
62	28-01-2015
62	09-10-2013
61	26-11-2014
61	25-06-2014
61	13-03-2013
61	04-02-2015
61	03-12-2013
60	29-01-2013
60	24-10-2012
60	23-06-2015
60	17-06-2015
60	10-10-2013
60	08-05-2014
60	01-04-2014
59	12-02-2013
59	04-02-2014
58	27-02-2014
58	26-09-2012
58	19-11-2013
58	10-03-2015
58	09-06-2015
58	08-10-2014
57	21-05-2013
57	16-01-2014
57	14-01-2015
57	12-11-2013
57	07-11-2013
57	06-06-2013
57	06-03-2014
56	24-06-2014
56	21-11-2013
56	21-05-2014
56	16-07-2013
56	14-11-2013
56	10-10-2012
56	05-11-2013
56	05-02-2013
56	04-03-2014
56	03-03-2015
56	01-07-2014
55	29-04-2015
55	22-10-2014
55	20-05-2014
55	17-12-2013
55	15-01-2013
55	13-05-2015
55	13-05-2014
55	05-06-2014
54	28-11-2012
54	24-09-2013
54	22-02-2012
54	10-12-2013
54	10-06-2015
54	07-11-2012
54	04-12-2012
54	04-03-2015
53	30-04-2013
53	22-10-2013
53	20-05-2015
53	13-06-2012
53	12-12-2012
53	12-05-2015
52	27-11-2012
52	26-09-2013
52	25-02-2014
52	23-01-2014
52	19-09-2013
52	18-11-2014
52	18-04-2013
52	14-11-2012
52	13-11-2012
52	12-09-2013
52	11-12-2012
52	07-10-2014
51	17-03-2015
51	14-01-2014
51	13-03-2014
51	09-12-2014
50	21-10-2014
50	21-01-2014
50	18-06-2013
50	17-01-2013
50	12-12-2013
50	04-11-2014
49	22-04-2015
49	20-11-2012
49	20-06-2013
49	19-09-2012
49	19-05-2015
49	17-09-2013
49	16-06-2015
49	04-07-2013
48	28-04-2015
48	20-01-2015
48	14-05-2013
48	10-05-2012
48	09-10-2012
48	03-10-2012
48	02-10-2012
48	01-10-2014
47	26-06-2013
47	26-02-2013
47	22-01-2013
47	16-10-2012
47	16-09-2014
47	11-09-2014
47	11-09-2013
47	06-11-2014
47	03-07-2014
47	02-12-2014
46	24-04-2014
46	23-10-2012
46	12-09-2012
46	11-06-2013
46	10-06-2014
46	10-02-2015
46	08-11-2012
45	28-11-2013
45	27-06-2012
45	25-11-2014
45	07-07-2015
45	03-02-2015
44	31-01-2013
44	28-11-2011
44	20-03-2014
44	20-02-2013
44	18-09-2012
44	16-05-2013
44	13-06-2013
44	09-05-2013
44	03-06-2014
43	30-01-2014
43	27-01-2015
43	23-04-2013
43	08-07-2015
43	01-07-2015
42	23-04-2015
42	21-03-2012
42	16-10-2013
42	13-02-2014
42	10-09-2014
42	08-02-2012
42	04-12-2014
42	04-06-2015
41	25-09-2012
41	23-09-2014
41	15-01-2015
41	14-10-2014
41	13-12-2012
41	11-11-2014
41	02-06-2015
40	28-02-2013
40	27-09-2012
40	25-04-2013
40	16-11-2011
40	09-11-2011
40	07-03-2013
40	07-02-2013
39	30-09-2014
39	29-05-2012
39	14-05-2015
39	11-09-2012
39	06-02-2014
38	29-04-2014
38	23-11-2011
38	13-11-2014
38	11-07-2013
38	06-12-2012
37	30-06-2015
37	29-11-2012
37	21-06-2012
37	21-04-2015
37	19-06-2014
37	19-02-2013
37	07-05-2015
36	27-06-2013
36	25-03-2015
36	19-03-2015
36	18-10-2011
36	17-04-2013
36	16-05-2012
36	15-04-2015
36	14-03-2012
36	13-01-2015
36	10-01-2013
36	02-10-2014
36	01-05-2014
36	01-02-2012
35	30-05-2012
35	24-11-2011
35	15-05-2014
35	12-03-2015
35	11-06-2015
35	08-12-2010
35	08-04-2014
35	04-06-2013
35	03-11-2011
35	02-11-2011
35	02-05-2013
35	01-10-2013
34	26-06-2014
34	15-11-2011
34	09-01-2014
34	07-03-2012
34	03-07-2012
34	02-03-2011
33	24-01-2013
33	22-09-2015
33	21-09-2011
33	20-11-2014
33	20-09-2011
33	18-10-2012
33	13-03-2012
33	12-06-2014
33	06-03-2012
32	25-03-2014
32	22-11-2011
32	22-03-2012
32	20-06-2012
32	16-04-2015
32	08-06-2011
32	07-02-2012
32	06-11-2012
32	05-03-2015
32	05-02-2015
31	31-10-2012
31	26-03-2013
31	25-09-2014
31	23-02-2012
31	22-05-2014
31	18-09-2014
31	16-10-2014
31	14-06-2012
31	11-10-2012
31	09-10-2014
31	04-10-2011
31	04-07-2012
30	29-01-2015
30	28-09-2011
30	24-02-2015
30	22-11-2012
30	17-10-2013
30	15-11-2012
30	14-07-2015
30	08-01-2015
30	05-10-2011
29	30-04-2015
29	20-09-2012
29	18-12-2012
29	17-11-2011
29	13-09-2012
29	12-10-2011
29	08-11-2011
29	07-12-2011
28	28-02-2012
28	24-10-2013
28	20-03-2012
28	12-01-2012
28	11-10-2011
28	10-11-2011
28	10-07-2012
27	27-11-2014
27	27-04-1998
27	22-05-2012
27	18-01-2012
27	15-03-2012
27	12-09-2011
27	03-11-2010
26	25-06-2015
26	24-05-2011
26	22-01-2015
26	21-03-2013
26	18-05-1998
26	14-09-2011
26	13-09-2011
26	11-12-2014
26	09-07-2015
25	25-02-2009
25	22-06-2011
25	19-10-2011
25	17-01-2012
25	15-05-2012
25	12-02-2015
25	10-11-2010
25	10-10-2011
25	05-07-2011
24	29-09-2015
24	29-02-2012
24	25-05-2011
24	24-11-2010
24	23-10-2014
24	23-09-2015
24	23-05-2012
24	19-06-2012
24	16-12-2014
24	02-07-2015
23	26-09-2011
23	26-02-2015
23	24-09-2008
23	24-01-2012
23	21-06-2011
23	21-05-2015
23	20-01-2010
23	19-01-2011
23	16-02-2011
22	31-01-2012
22	28-01-2009
22	26-06-2012
22	26-01-2011
22	22-03-2011
22	18-06-2015
22	17-07-2013
22	15-09-2011
22	13-10-2011
22	10-12-2008
22	08-03-2012
22	04-10-2012
22	01-03-2012
21	30-03-2011
21	29-03-2011
21	28-06-2012
21	26-03-2012
21	19-01-2012
21	19-01-1998
21	18-11-1996
21	18-03-2009
21	16-03-2011
21	15-09-2010
21	14-11-2011
21	12-01-1998
21	11-07-2012
21	11-01-2012
21	09-09-2014
21	09-06-2010
21	09-01-2013
21	05-07-2012
21	04-03-2009
20	30-09-2009
20	28-06-2011
20	27-09-2011
20	25-01-2012
20	23-11-2010
20	23-01-2012
20	19-11-2008
20	17-11-2010
20	17-10-2011
20	17-03-2011
20	15-09-2003
20	13-05-2009
20	08-12-2011
20	06-12-2011
20	06-06-2007
20	02-04-2014
20	02-03-1998
20	01-12-2010
19	29-09-2011
19	21-01-2009
19	17-09-2008
19	16-05-2011
19	13-10-1997
19	12-11-2008
19	12-03-2012
19	11-05-2011
19	11-03-2009
19	10-03-1997
19	09-06-2011
19	08-02-2011
19	02-02-2012
19	01-02-2011
18	30-10-2013
18	28-04-1997
18	27-03-2012
18	27-03-2008
18	26-01-2012
18	23-03-2011
18	21-11-2011
18	21-03-2007
18	19-05-2011
18	16-01-2008
18	15-10-2008
18	15-02-2011
18	14-01-2009
18	12-05-2010
18	11-12-2007
18	10-05-2011
18	09-06-1997
18	09-03-2011
18	07-07-2010
18	07-01-2015
18	06-10-2011
18	06-07-1998
18	05-11-2008
18	03-12-2008
18	02-02-2011
17	29-04-2009
17	27-09-2006
17	27-01-2010
17	25-11-2009
17	23-09-2009
17	21-02-2013
17	19-09-2011
17	19-05-2010
17	17-05-2012
17	17-03-2010
17	16-04-2013
17	16-01-2012
17	15-07-2015
17	14-09-2010
17	13-10-2010
17	12-07-2011
17	12-01-2011
17	11-06-2008
17	11-05-2010
17	10-06-2009
17	10-06-1996
17	10-01-2012
17	09-11-2010
17	09-07-2012
17	09-05-2012
17	09-02-2011
17	08-10-2008
17	08-06-1998
17	06-07-2010
16	28-04-2010
16	28-03-2011
16	27-02-2012
16	25-03-2009
16	24-05-2012
16	24-01-2007
16	19-05-2009
16	19-05-1997
16	17-09-2001
16	16-06-1997
16	16-05-2007
16	15-06-2011
16	15-06-1998
16	14-02-2011
16	13-12-2007
16	12-05-2011
16	10-10-2007
16	08-01-2014
16	07-11-2007
16	06-10-2010
16	05-05-2011
16	03-06-2009
16	02-02-1998
15	30-01-2012
15	30-01-2007
15	28-02-2007
15	27-01-2009
15	26-05-2010
15	26-03-2014
15	23-06-2010
15	22-11-2010
15	22-09-2010
15	19-10-2010
15	19-03-2012
15	18-11-2009
15	17-05-2011
15	14-05-2012
15	12-06-2000
15	12-03-2008
15	11-03-2002
15	11-02-2009
15	10-09-2013
15	10-02-2010
15	09-02-1998
15	08-12-1997
15	08-05-2000
15	07-11-2011
15	05-12-2011
15	04-06-2008
15	03-03-2010
15	03-03-1997
15	03-02-2010
15	01-11-2012
14	31-03-2015
14	30-06-2010
14	29-10-2013
14	26-11-2008
14	26-04-1999
14	24-02-1997
14	23-05-2011
14	23-03-2010
14	21-05-2012
14	21-05-2008
14	21-02-2007
14	20-10-2010
14	20-01-1997
14	19-02-2014
14	18-05-2011
14	18-03-2008
14	16-11-2010
14	16-06-2011
14	12-10-2010
14	12-07-2012
14	11-05-1998
14	11-04-2013
14	08-12-2009
14	08-07-1996
14	07-02-2011
14	06-07-2011
14	05-06-2000
14	04-07-2011
14	04-05-2010
14	04-02-2009
14	03-03-2011
14	01-06-1998
13	29-11-1999
13	29-06-2010
13	29-04-1996
13	28-05-2012
13	27-09-1999
13	27-06-2011
13	26-02-2009
13	26-01-2010
13	25-06-2012
13	24-03-2009
13	22-10-2008
13	22-09-2011
13	22-06-1998
13	21-04-1997
13	18-10-1999
13	18-01-2011
13	17-03-1997
13	16-07-2015
13	15-10-2001
13	15-03-2011
13	14-11-2006
13	14-06-2011
13	14-04-2015
13	14-03-2007
13	13-07-2011
13	13-01-2010
13	12-05-1997
13	11-11-2010
13	11-05-2009
13	10-11-1997
13	09-12-2010
13	09-07-2009
13	08-03-2011
13	08-02-2010
13	07-07-2011
13	06-12-1999
13	06-11-1995
13	06-05-2009
13	05-11-2001
13	05-10-2010
13	05-05-2010
13	05-03-2001
13	04-06-2009
13	02-12-1996
13	02-11-1998
13	02-07-2012
13	01-12-1997
13	01-11-2007
13	01-11-1999
12	31-10-2007
12	31-07-1997
12	31-01-2011
12	30-09-2015
12	30-04-2001
12	29-06-1998
12	27-09-2010
12	27-04-2010
12	27-02-2008
12	26-01-1998
12	25-02-2002
12	24-11-1997
12	23-01-2008
12	23-01-2007
12	22-05-2000
12	21-11-2007
12	20-09-1999
12	19-01-2009
12	18-11-2008
12	18-09-2007
12	18-06-2012
12	17-11-1997
12	16-09-1996
12	16-04-2008
12	15-05-2000
12	14-10-2009
12	14-10-1996
12	12-02-2001
12	11-10-1999
12	10-03-2011
12	10-03-2010
12	09-05-2011
12	09-03-1998
12	08-11-2006
12	07-07-1997
12	06-10-1997
12	06-02-2007
12	05-03-2012
12	03-11-1997
12	03-03-2009
12	02-12-2009
12	01-10-2001
11	30-11-2010
11	30-11-1998
11	30-09-2010
11	30-06-2009
11	29-09-2010
11	28-11-2007
11	28-06-1999
11	27-01-2011
11	26-11-2007
11	26-03-2015
11	25-06-2001
11	25-04-2007
11	25-01-1999
11	24-06-2009
11	23-06-2011
11	23-03-1998
11	22-11-1999
11	22-06-2010
11	22-03-2010
11	21-09-2010
11	21-03-2011
11	20-11-2007
11	20-06-2011
11	20-05-2002
11	20-05-1996
11	19-06-2000
11	17-06-2009
11	17-05-2004
11	16-09-2002
11	14-06-2004
11	14-06-1999
11	14-04-1997
11	14-03-2011
11	13-01-2003
11	13-01-1997
11	12-11-2001
11	12-10-1998
11	12-05-2009
11	11-11-2009
11	11-10-2010
11	11-10-2006
11	10-05-2010
11	10-02-1997
11	10-01-2000
11	09-12-1996
11	09-07-2008
11	09-01-2007
11	08-11-2010
11	08-07-2009
11	07-12-2010
11	07-10-2009
11	07-10-1996
11	07-02-2000
11	06-10-2015
11	06-03-2000
11	05-03-2009
11	04-11-2010
11	04-11-1996
11	03-03-2003
11	02-07-2008
11	02-07-2001
11	02-03-2010
11	01-10-2008
11	01-07-2002
10	30-11-2009
10	30-04-2008
10	29-01-2008
10	28-09-2010
10	26-02-1996
10	25-09-2000
10	25-06-2008
10	24-06-1996
10	24-01-2011
10	23-11-2009
10	23-09-2008
10	23-06-2009
10	23-06-1997
10	22-05-2007
10	22-04-2002
10	22-04-1996
10	22-01-2008
10	22-01-2001
10	21-05-2001
10	20-01-2011
10	19-09-2007
10	19-05-2003
10	17-05-2010
10	17-05-1999
10	17-03-2009
10	17-01-2011
10	16-11-1998
10	16-10-2000
10	16-09-2010
10	15-11-1999
10	15-04-2002
10	13-09-1999
10	13-01-2011
10	13-01-2009
10	11-11-1996
10	11-07-2011
10	11-04-2011
10	10-06-2008
10	10-02-2009
10	09-12-2009
10	09-03-2010
10	09-03-2009
10	09-02-2010
10	07-12-1998
10	07-05-2009
10	07-05-2002
10	07-01-2014
10	06-02-2012
10	05-10-2006
10	05-02-2008
10	05-02-2001
10	04-11-2002
10	04-10-2010
10	03-12-2007
10	03-12-2001
10	03-10-2007
10	03-06-1996
10	03-02-1997
10	01-07-2009
9	31-01-2008
9	31-01-2007
9	30-09-2008
9	30-04-2009
9	29-11-2006
9	29-09-2008
9	29-04-2008
9	27-11-2008
9	27-11-2000
9	27-09-2007
9	27-01-1997
9	25-11-2010
9	25-09-2007
9	24-05-2010
9	24-05-1999
9	24-03-2011
9	23-11-1998
9	23-04-2014
9	23-02-1998
9	22-11-2005
9	22-02-1999
9	21-10-2008
9	20-09-2006
9	20-03-2000
9	19-06-2008
9	19-03-2009
9	18-06-2001
9	18-03-1996
9	18-01-2010
9	17-06-2002
9	17-01-2007
9	16-11-2005
9	16-10-2007
9	16-09-2008
9	16-07-2014
9	16-06-2010
9	16-03-2010
9	16-03-1998
9	14-12-2010
9	14-06-2007
9	14-05-2008
9	14-02-2000
9	13-11-2008
9	13-07-2010
9	13-03-2007
9	13-03-2000
9	12-11-2007
9	12-10-2009
9	12-03-2009
9	11-11-2008
9	11-09-2000
9	11-01-2011
9	10-03-2009
9	10-02-2011
9	09-07-2014
9	09-06-2009
9	08-11-1999
9	08-07-2008
9	08-05-2008
9	08-03-1999
9	07-10-2010
9	07-03-2011
9	07-02-2007
9	06-12-2006
9	06-11-2000
9	06-02-2008
9	05-10-2005
9	05-10-1998
9	05-04-2011
9	04-11-2009
9	04-10-1999
9	04-06-2001
9	04-03-2008
9	04-03-2002
9	03-10-2011
9	03-07-2000
9	02-12-2008
9	02-10-2007
9	01-12-2003
9	01-03-2007
9	01-03-2004
9	01-03-1999
9	01-02-1999
8	30-11-2006
8	30-10-2012
8	30-01-2008
8	28-09-2009
8	28-01-2010
8	28-01-2008
8	26-11-2001
8	26-04-2007
8	26-03-2008
8	25-11-1996
8	24-11-2008
8	24-09-2015
8	24-02-2010
8	24-01-2000
8	23-11-2005
8	22-11-2006
8	22-09-2009
8	22-09-1997
8	22-01-2009
8	21-06-1999
8	20-11-2008
8	20-10-1997
8	20-03-2007
8	20-02-2008
8	19-11-2001
8	19-10-1998
8	19-06-1995
8	19-03-2001
8	19-01-2010
8	18-11-2002
8	18-10-2006
8	18-05-2010
8	17-01-2000
8	15-11-2007
8	15-06-2010
8	15-03-1999
8	15-01-2009
8	15-01-2001
8	15-01-1996
8	14-07-2011
8	14-02-2007
8	14-01-2010
8	13-11-2007
8	13-09-2006
8	13-02-2008
8	12-01-2004
8	11-03-2008
8	10-11-2009
8	10-09-2001
8	10-06-2010
8	10-05-2004
8	10-03-2008
8	09-12-2008
8	09-11-2006
8	09-11-1998
8	09-10-2007
8	09-02-2009
8	08-11-2007
8	08-06-2009
8	07-10-2008
8	07-06-2006
8	07-05-2008
8	06-12-2010
8	06-11-2007
8	06-10-2003
8	06-05-2003
8	05-12-2006
8	05-10-2009
8	05-03-2008
8	05-02-2009
8	05-01-2012
8	04-12-2000
8	03-02-2003
8	02-12-2002
8	02-06-2003
8	02-05-2007
8	01-12-2009
8	01-11-2006
7	31-10-2013
7	31-03-2009
7	31-01-2000
7	30-10-2000
7	30-06-1997
7	30-04-2007
7	30-03-2009
7	29-11-2010
7	29-09-1997
7	29-04-2002
7	28-11-1994
7	28-02-2008
7	27-11-2007
7	27-11-2006
7	27-06-2005
7	27-04-2009
7	27-03-2007
7	26-06-2007
7	26-04-2004
7	26-03-2001
7	26-01-2009
7	25-11-2002
7	25-05-2010
7	25-02-2010
7	25-02-2008
7	24-03-2010
7	23-09-1996
7	23-04-2007
7	22-03-2004
7	22-01-1996
7	21-10-2009
7	21-06-2010
7	21-06-2004
7	21-02-2008
7	21-01-2002
7	20-06-2007
7	20-03-1995
7	19-10-2006
7	19-09-2006
7	19-05-2008
7	18-11-2010
7	18-09-2008
7	18-09-2000
7	18-02-2014
7	17-10-2006
7	17-06-1996
7	17-03-2003
7	16-10-2008
7	16-06-2009
7	15-11-2006
7	15-09-2009
7	15-05-2008
7	15-05-2007
7	14-11-2007
7	14-09-1998
7	14-07-2010
7	14-05-2009
7	14-02-2008
7	14-01-2002
7	13-10-2009
7	13-09-2010
7	13-05-2008
7	13-05-1996
7	12-05-2008
7	12-01-2010
7	12-01-2009
7	11-11-2002
7	11-07-2007
7	11-06-2001
7	10-07-2014
7	10-07-2008
7	10-04-2013
7	10-02-2003
7	09-10-2008
7	09-10-2000
7	09-09-2010
7	09-02-2012
7	08-12-2003
7	08-07-2002
7	08-05-2009
7	08-02-1999
7	07-12-2009
7	07-11-2006
7	07-10-2002
7	07-07-2009
7	07-07-2003
7	06-12-2007
7	06-11-2008
7	06-04-2011
7	05-12-2007
7	05-07-2004
7	05-07-1999
7	05-06-2008
7	04-03-2010
7	03-12-2009
7	02-10-2008
7	02-10-2000
7	01-07-2008
7	01-07-1996
7	01-05-2007
7	01-03-2010
6	31-01-2005
6	29-10-2001
6	28-06-2007
6	28-04-2009
6	28-02-2000
6	28-01-2002
6	27-03-2000
6	26-09-2007
6	26-06-2000
6	26-03-2009
6	25-11-2008
6	25-06-2009
6	25-01-2011
6	25-01-2010
6	24-09-2007
6	24-06-2010
6	24-05-2007
6	24-05-2006
6	24-01-2008
6	23-09-2010
6	23-06-2003
6	23-05-2013
6	22-09-2003
6	21-11-2006
6	21-09-2006
6	21-09-1998
6	20-11-1995
6	20-09-2010
6	20-09-2007
6	20-05-2009
6	20-05-2008
6	19-01-2004
6	18-10-2010
6	18-10-2007
6	18-07-2013
6	18-05-2009
6	17-10-2007
6	17-10-1994
6	16-09-2009
6	15-11-2010
6	15-03-2007
6	15-03-2004
6	15-02-2012
6	15-01-2008
6	14-10-2002
6	13-12-2011
6	13-10-2003
6	13-06-2007
6	13-03-2008
6	12-12-2011
6	12-11-2009
6	12-09-2007
6	12-03-2001
6	12-02-2008
6	11-12-2006
6	11-07-2006
6	11-03-2010
6	11-01-1999
6	10-11-2003
6	10-07-2007
6	10-05-2007
6	10-01-2008
6	09-11-2009
6	09-10-2006
6	09-09-2002
6	09-01-2012
6	09-01-2008
6	08-12-2005
6	08-11-2005
6	08-03-2010
6	07-12-2012
6	07-06-1999
6	07-02-2008
6	06-11-2006
6	06-10-2009
6	06-07-2009
6	06-05-2008
6	05-07-2007
6	05-06-2009
6	05-02-1996
6	04-12-2006
6	04-10-2006
6	04-05-2004
6	04-04-2011
6	04-02-2010
6	04-02-2002
6	03-10-2006
6	03-04-2000
6	01-07-2010
6	01-04-2009
5	31-03-2003
5	29-11-2007
5	29-09-2009
5	29-06-2009
5	29-01-2009
5	29-01-2001
5	28-09-1998
5	28-06-2010
5	28-06-2004
5	28-02-2011
5	27-06-2007
5	26-06-2008
5	26-06-1995
5	26-04-2010
5	26-02-2007
5	26-02-2001
5	25-10-2012
5	25-09-2008
5	25-09-2006
5	24-09-2001
5	23-01-1995
5	22-11-2007
5	22-11-2004
5	22-06-2009
5	21-09-2005
5	21-06-2007
5	21-05-2007
5	21-04-2010
5	20-10-2009
5	19-03-2008
5	18-09-2006
5	18-06-2008
5	18-06-2007
5	18-03-2010
5	18-01-2007
5	18-01-1999
5	17-11-2009
5	17-06-2008
5	17-05-2006
5	17-01-2008
5	16-11-2006
5	16-05-2006
5	16-05-2005
5	16-03-2009
5	16-01-1995
5	15-10-2007
5	15-09-1997
5	15-04-1996
5	15-03-2010
5	14-10-2010
5	14-05-2001
5	14-02-2013
5	14-02-2012
5	13-12-2006
5	13-11-2000
5	13-10-2008
5	13-09-2007
5	13-09-2004
5	13-07-1998
5	13-05-2010
5	13-03-1995
5	12-07-2007
5	12-07-1999
5	12-06-2008
5	11-10-2007
5	11-02-2002
5	11-01-2010
5	11-01-2007
5	11-01-2006
5	10-07-2000
5	10-06-2002
5	10-05-2006
5	09-12-2002
5	09-10-1995
5	09-07-2001
5	09-06-2003
5	09-04-2008
5	09-02-2004
5	08-10-2001
5	08-05-2001
5	08-03-2007
5	08-03-2006
5	08-01-2009
5	07-06-2007
5	06-10-2008
5	06-03-1995
5	06-02-1995
5	05-07-2010
5	05-07-2006
5	04-05-2011
5	04-05-1999
5	04-03-1996
5	02-12-2010
5	02-07-2009
5	02-06-1997
5	02-03-2009
5	02-02-2004
5	01-11-2004
5	01-10-2015
5	01-10-2007
5	01-05-2008
5	01-05-1995
5	01-02-2010
4	31-10-1994
4	31-05-2012
4	30-01-2006
4	29-01-2007
4	28-04-2008
4	28-02-2005
4	27-05-2002
4	27-03-1995
4	27-01-2003
4	26-11-2009
4	26-09-2006
4	26-09-1994
4	26-05-2011
4	26-02-2008
4	26-01-2004
4	24-06-2002
4	24-05-2004
4	24-01-2006
4	23-11-2006
4	23-10-2008
4	23-10-2007
4	23-03-2009
4	23-03-2006
4	23-02-2004
4	22-04-2008
4	22-03-1999
4	22-02-2007
4	21-10-2010
4	21-10-2002
4	21-09-2015
4	21-01-2008
4	20-11-2006
4	20-11-2000
4	20-10-2011
4	20-10-2008
4	20-10-2003
4	20-09-2004
4	20-01-2003
4	19-10-2009
4	19-09-1994
4	19-06-2007
4	19-04-1999
4	19-02-2002
4	18-10-2004
4	18-06-2009
4	18-03-2002
4	17-11-2008
4	17-06-2010
4	17-04-2008
4	17-03-2008
4	17-02-2003
4	17-02-1997
4	16-10-2006
4	16-06-2008
4	16-03-2006
4	15-09-2015
4	15-06-2006
4	15-01-2007
4	14-12-2009
4	14-11-1994
4	14-10-2008
4	14-09-2015
4	14-07-2009
4	14-06-2010
4	13-11-2006
4	13-11-1995
4	13-06-2011
4	12-12-2007
4	12-10-2005
4	12-09-2006
4	12-07-2010
4	12-06-2007
4	12-06-1995
4	12-03-2007
4	12-02-2007
4	12-02-1996
4	11-03-1996
4	11-02-2010
4	10-12-2007
4	10-07-2009
4	10-05-1999
4	10-03-2003
4	10-02-2004
4	10-01-2005
4	09-05-2007
4	09-04-2014
4	08-12-2008
4	08-11-2004
4	08-10-2007
4	08-09-2003
4	08-05-2007
4	08-03-2004
4	07-10-2015
4	07-06-2010
4	07-06-2004
4	07-03-2005
4	07-02-2005
4	06-06-2011
4	06-06-2005
4	06-05-2010
4	06-05-1997
4	05-12-2008
4	05-11-2009
4	05-11-2007
4	05-06-1995
4	05-05-2009
4	04-12-2007
4	04-10-2007
4	04-10-2004
4	04-07-2007
4	04-02-2008
4	03-11-2008
4	03-05-2007
4	03-04-2008
4	03-03-2008
4	03-02-2009
4	02-11-2006
4	02-02-2010
4	02-02-2009
4	01-06-2009
4	01-02-2006
3	31-10-2006
3	31-01-2006
3	30-11-2005
3	30-10-1995
3	30-09-2002
3	30-09-1996
3	30-06-2003
3	29-11-2005
3	29-10-2007
3	29-09-2003
3	29-06-2011
3	28-11-2005
3	28-10-2002
3	28-09-2006
3	28-09-2005
3	28-06-2006
3	28-03-2014
3	28-03-2007
3	27-06-2008
3	27-04-2007
3	27-02-2007
3	27-02-1995
3	26-09-2008
3	26-06-2009
3	26-01-2006
3	25-04-2005
3	25-01-2006
3	24-11-2009
3	24-11-2003
3	24-06-2008
3	24-04-2007
3	24-04-2006
3	24-02-2003
3	23-05-2007
3	23-05-2005
3	23-04-2009
3	23-02-2011
3	23-02-2009
3	23-02-1999
3	22-10-2009
3	22-10-2001
3	22-09-2008
3	22-05-2008
3	22-04-2010
3	22-01-2007
3	21-11-2008
3	21-09-2009
3	21-03-2014
3	21-01-2010
3	20-04-2011
3	20-01-2009
3	19-11-2002
3	19-03-2007
3	18-09-1995
3	18-05-2006
3	18-04-2005
3	18-02-2002
3	17-09-2009
3	17-07-2014
3	17-07-2007
3	17-05-2007
3	17-02-2011
3	17-01-2005
3	16-11-2009
3	16-11-2007
3	16-10-1995
3	16-02-1998
3	16-01-2009
3	16-01-2007
3	15-12-2011
3	15-07-2008
3	15-06-2009
3	15-05-2006
3	15-05-1995
3	15-04-2008
3	14-11-2005
3	14-09-2006
3	14-06-2006
3	14-01-2008
3	13-10-2015
3	13-06-2006
3	13-03-2009
3	13-02-1995
3	12-12-2006
3	12-09-1994
3	12-06-2009
3	12-06-2006
3	12-02-2009
3	11-12-1995
3	11-09-2007
3	11-09-1995
3	11-06-2009
3	11-05-2006
3	10-12-2009
3	10-12-2001
3	10-11-2008
3	10-10-2006
3	10-10-2005
3	10-10-1994
3	10-04-2008
3	10-01-2007
3	09-11-2005
3	09-07-2007
3	08-10-2009
3	08-09-2011
3	08-02-2007
3	08-02-2006
3	08-01-2001
3	08-01-1996
3	07-12-2006
3	07-11-1994
3	07-03-1994
3	06-03-2007
3	05-05-1998
3	05-05-1997
3	05-03-2007
3	04-12-2008
3	04-07-2005
3	04-06-2007
3	03-11-2005
3	03-11-2003
3	03-07-2008
3	03-07-1995
3	03-04-2014
3	02-05-2006
3	01-10-2009
2	31-12-1996
2	31-10-2000
2	31-07-1998
2	31-07-1996
2	31-03-1997
2	30-12-2014
2	30-11-2012
2	30-10-2014
2	30-06-2008
2	30-03-2010
2	30-01-1995
2	29-11-2004
2	29-10-2014
2	29-04-2010
2	29-01-1996
2	28-10-1996
2	28-09-2015
2	28-03-2008
2	28-02-2006
2	27-11-1995
2	27-10-1997
2	27-09-2005
2	27-09-2004
2	27-06-2000
2	27-05-2010
2	27-04-2011
2	27-04-2006
2	27-03-2006
2	27-02-2006
2	26-06-2006
2	26-06-2001
2	26-03-2007
2	26-02-2002
2	25-05-2005
2	25-04-2006
2	25-03-1996
2	24-10-2007
2	24-04-2009
2	24-03-2003
2	24-02-2011
2	24-01-1994
2	23-11-2012
2	23-11-2007
2	23-11-2004
2	23-10-2006
2	23-09-2002
2	23-05-2006
2	23-01-2006
2	22-05-1995
2	22-03-2007
2	22-01-2002
2	21-11-2005
2	21-11-2001
2	21-11-1994
2	21-10-1996
2	21-05-2002
2	21-04-1998
2	21-02-1994
2	20-05-2010
2	20-02-2007
2	20-01-2004
2	19-11-2009
2	19-11-2007
2	19-04-2010
2	19-03-2002
2	19-02-2015
2	18-10-1993
2	18-04-1994
2	17-11-2003
2	17-10-2008
2	17-10-2005
2	16-10-2001
2	16-07-2007
2	16-06-2014
2	16-06-2003
2	16-05-1994
2	16-01-2006
2	15-11-1993
2	15-10-2009
2	15-07-2010
2	15-06-2004
2	15-05-2009
2	15-02-2007
2	14-09-2009
2	14-05-2007
2	14-04-2008
2	14-03-2006
2	14-03-2005
2	13-12-2010
2	13-09-1993
2	13-07-2009
2	13-07-2007
2	13-07-2006
2	13-06-2008
2	13-06-2005
2	13-06-1994
2	13-05-2002
2	13-03-2006
2	13-02-2012
2	12-12-2008
2	12-12-2005
2	12-10-2006
2	12-07-2006
2	11-12-2008
2	11-12-2000
2	11-10-2005
2	11-10-1993
2	11-09-2006
2	11-06-2007
2	11-06-2002
2	10-10-2008
2	10-09-2007
2	10-07-2006
2	10-07-1995
2	10-04-2000
2	09-12-2003
2	09-11-2007
2	09-10-2001
2	09-06-2005
2	09-05-2006
2	09-01-1995
2	08-11-1993
2	08-10-2015
2	08-09-2010
2	08-09-1997
2	08-03-2013
2	08-02-2000
2	07-12-2007
2	07-12-2005
2	07-11-2005
2	07-09-1998
2	07-05-2001
2	07-03-2007
2	07-03-2006
2	07-02-1994
2	06-12-2005
2	06-12-1993
2	06-11-2001
2	06-06-2008
2	06-06-2006
2	06-02-2009
2	05-12-2005
2	05-11-2002
2	05-02-2007
2	04-12-1995
2	04-10-2005
2	04-05-1998
2	03-11-1998
2	03-10-2005
2	03-10-1994
2	03-07-2007
2	03-05-2011
2	03-05-2005
2	03-05-1999
2	03-02-2011
2	02-11-2005
2	02-10-2006
2	02-10-2001
2	02-10-1995
2	02-06-2009
2	02-06-2008
2	02-04-2008
2	02-03-2006
2	02-02-2006
2	01-12-2008
2	01-12-2004
2	01-11-2010
2	01-11-1993
2	01-05-2009
2	01-03-2006
1	31-12-1995
1	31-10-2005
1	31-07-1995
1	31-03-2011
1	31-03-2008
1	31-01-2002
1	31-01-1994
1	30-11-2007
1	30-10-2008
1	30-06-2011
1	30-06-1998
1	30-04-2002
1	30-03-1998
1	30-01-1998
1	30-01-1996
1	29-11-1993
1	29-10-2002
1	29-09-2005
1	29-06-2007
1	29-06-2006
1	29-04-1997
1	29-03-2010
1	29-03-2006
1	29-02-2000
1	29-02-1996
1	28-11-2008
1	28-11-2006
1	28-10-2014
1	28-09-2007
1	28-06-2005
1	28-06-1995
1	28-03-2012
1	28-03-2006
1	28-03-2000
1	28-02-1994
1	28-01-2003
1	28-01-1998
1	27-10-2011
1	27-10-2010
1	27-10-2003
1	27-09-2000
1	27-06-1994
1	27-04-2004
1	27-04-1999
1	27-03-2013
1	27-03-2009
1	27-02-2015
1	27-02-2009
1	27-01-2006
1	26-10-2011
1	26-10-1998
1	26-09-2005
1	26-04-2006
1	26-04-1995
1	26-03-2003
1	26-01-2007
1	25-09-2015
1	25-07-1995
1	25-06-2007
1	25-02-2003
1	25-02-1997
1	25-01-2008
1	25-01-2000
1	24-11-2005
1	24-11-1998
1	24-09-2009
1	24-09-2002
1	24-06-2003
1	24-04-2008
1	24-04-1998
1	24-03-1997
1	24-02-2013
1	24-02-2009
1	24-01-2005
1	24-01-1997
1	23-10-2011
1	23-10-1997
1	23-09-1999
1	23-06-2008
1	23-06-2004
1	23-06-1999
1	23-06-1998
1	23-05-2014
1	23-05-2000
1	23-04-2008
1	23-04-2002
1	23-02-2006
1	23-01-2009
1	22-11-1993
1	22-09-2014
1	22-07-2014
1	22-07-1996
1	22-06-2004
1	22-06-1999
1	22-05-2009
1	22-05-2002
1	22-02-2006
1	22-02-2005
1	21-10-2003
1	21-06-2006
1	21-06-2000
1	21-06-1995
1	21-05-2009
1	21-04-2013
1	21-04-2009
1	21-04-2008
1	21-03-2006
1	21-02-2006
1	21-02-2005
1	20-11-2002
1	20-09-1993
1	20-07-2010
1	20-06-2006
1	20-06-2001
1	20-06-2000
1	20-06-1994
1	20-05-1997
1	20-04-2009
1	20-04-1998
1	20-03-2009
1	20-03-2006
1	20-02-1995
1	19-10-2005
1	19-10-2004
1	19-09-2008
1	19-09-2005
1	19-09-2000
1	19-07-2010
1	19-07-2007
1	19-06-2009
1	19-06-2006
1	19-05-2013
1	19-04-2013
1	19-04-2007
1	19-04-2002
1	19-02-1996
1	18-11-2013
1	18-10-2005
1	18-09-2002
1	18-09-2001
1	18-07-2011
1	18-06-2003
1	18-05-1999
1	18-03-2003
1	18-02-2015
1	18-02-2003
1	18-01-2008
1	18-01-2006
1	18-01-2000
1	17-11-2006
1	17-11-1999
1	17-03-1998
1	17-01-2006
1	16-12-2002
1	16-09-2015
1	16-09-1997
1	16-04-1996
1	16-03-2007
1	16-03-1999
1	16-02-2006
1	15-12-2009
1	15-11-2005
1	15-10-1993
1	15-09-2008
1	15-07-2013
1	15-07-2002
1	15-06-2015
1	15-06-2005
1	15-04-2013
1	15-04-2010
1	15-04-1997
1	15-03-2006
1	15-02-2000
1	14-12-2012
1	14-12-2011
1	14-12-2007
1	14-12-2005
1	14-11-2008
1	14-07-2008
1	14-07-1997
1	14-05-1999
1	14-03-2000
1	14-03-1994
1	14-02-2014
1	14-02-2006
1	13-10-2006
1	13-10-2005
1	13-09-2005
1	13-07-1999
1	13-06-1995
1	13-05-2003
1	13-05-1997
1	13-02-2009
1	13-02-2007
1	13-02-2001
1	13-01-2014
1	13-01-2004
1	12-12-1994
1	12-10-2007
1	12-10-2004
1	12-09-2005
1	12-06-2001
1	12-06-1997
1	12-04-1999
1	12-04-1996
1	12-03-2006
1	12-01-2006
1	12-01-1996
1	11-11-2013
1	11-11-2011
1	11-11-2004
1	11-10-2004
1	11-09-2015
1	11-09-2008
1	11-09-2001
1	11-07-1995
1	11-06-2003
1	11-05-2007
1	11-04-2005
1	11-03-2013
1	11-02-2008
1	10-11-2004
1	10-11-1998
1	10-10-2000
1	10-09-2015
1	10-09-2008
1	10-07-1997
1	10-06-1997
1	10-03-2014
1	10-03-1994
1	10-02-2014
1	10-02-1999
1	10-01-2011
1	10-01-2006
1	10-01-2002
1	10-01-1994
1	09-12-2004
1	09-11-2012
1	09-09-2008
1	09-07-2002
1	09-06-2008
1	09-06-1998
1	09-05-2008
1	09-05-2005
1	09-05-1994
1	09-03-2015
1	09-03-2006
1	09-03-2005
1	09-02-2006
1	08-12-2006
1	08-07-2010
1	08-07-1997
1	08-06-2010
1	08-06-2006
1	08-06-2004
1	08-06-1999
1	08-05-2006
1	08-02-2008
1	08-01-2008
1	08-01-2007
1	07-11-2000
1	07-10-2005
1	07-10-2003
1	07-10-1997
1	07-07-2014
1	07-07-2008
1	07-07-2004
1	07-06-2011
1	07-05-2003
1	07-05-1996
1	07-04-2011
1	07-04-2003
1	07-03-2000
1	07-02-2006
1	06-12-2004
1	06-10-1993
1	06-09-2004
1	06-07-2006
1	06-07-2004
1	06-06-1997
1	06-04-2014
1	06-04-1998
1	06-03-2008
1	06-03-2001
1	06-02-2015
1	06-02-2006
1	06-02-2001
1	05-11-2003
1	05-10-2015
1	05-07-1995
1	05-06-2007
1	05-02-2002
1	04-12-1997
1	04-11-2003
1	04-11-1997
1	04-10-1994
1	04-07-2008
1	04-07-2006
1	04-07-1994
1	04-05-2006
1	04-05-2000
1	04-04-2006
1	04-03-2013
1	03-12-2002
1	03-11-2006
1	03-11-2004
1	03-10-2008
1	03-09-2015
1	03-07-2009
1	03-05-2006
1	03-04-2006
1	03-04-1995
1	03-03-2013
1	03-02-2004
1	02-12-2004
1	02-11-2010
1	02-11-1999
1	02-10-2015
1	02-07-2002
1	02-07-1999
1	02-06-2014
1	02-05-2008
1	02-05-2000
1	02-04-2009
1	02-03-2004
1	02-02-2007
1	02-02-2000
1	01-11-2005
1	01-11-1994
1	01-10-2002
1	01-04-2008
1	01-03-2011
1	01-03-2005
1	01-02-2007
