street	name	name-cy	place	street-custodian	point	end-date
10300162	ACORN ROAD			1910	[-0.4500,51.7500]	
10300195	ADEYFIELD ROAD			1910	[-0.4600,51.7600]	
10300846	AYCLIFFE DRIVE			1910	[-0.4600,51.7700]	
10300853	AYLESBURY ROAD			1910	[-0.6900,51.7900]	
10301109	BARNFIELD			1910	[-0.4600,51.7400]	
10301442	BELSWAINS LANE			1910	[-0.4700,51.7350]	
10301478	BENNETTS END ROAD			1910	[-0.4500,51.7450]	
10301576	BETTYS LANE			1910	[-0.6600,51.8000]	
10301959	BOX LANE			1910	[-0.5200,51.7300]	
10301968	BOXTED ROAD			1910	[-0.5100,51.7600]	
10302195	BRIDLE WAY			1910	[-0.5800,51.7700]	
10302264	BROADFIELD ROAD			1910	[-0.4600,51.7550]	
10302566	BUNKERS LANE			1910	[-0.4500,51.7300]	
10302828	CAMBRIAN WAY			1910	[-0.4600,51.7650]	
10303263	CAVENDISH ROAD			1910	[-0.4651,51.8377]	
10303628	CHESHAM ROAD			1910	[-0.5800,51.7500]	
10303775	CHRISTCHURCH ROAD			1910	[-0.6700,51.7950]	
10303866	CHURCH MEADOW			1910	[-0.5100,51.7900]	
10303875	CHURCH ROAD			1910	[-0.5600,51.8100]	
10303887	CHURCH ROAD			1910	[-0.5300,51.7700]	
10304106	CLOVER WAY			1910	[-0.4800,51.7600]	
10304290	COMMON FIELD			1910	[-0.6400,51.7800]	
10304298	COMMON LANE			1910	[-0.4600,51.7150]	
10304556	COWPER ROAD			1910	[-0.4900,51.7500]	
10304758	CROSSWAYS			1910	[-0.5800,51.7600]	
10305194	DOCTORS COMMONS ROAD			1910	[-0.5700,51.7600]	
10305424	DURRANTS LANE			1910	[-0.5900,51.7600]	
10306252	FLETCHER WAY			1910	[-0.4700,51.7600]	
10306486	FROGMORE STREET			1910	[-0.6600,51.7950]	
10306633	GADDESDEN ROW			1910	[-0.4900,51.8000]	
10306646	GADEBRIDGE ROAD			1910	[-0.4900,51.7600]	
10306656	GALLEY HILL			1910	[-0.5000,51.7600]	
10306783	GEORGE STREET			1910	[-0.5600,51.7600]	
10307248	GREEN END ROAD			1910	[-0.4900,51.7500]	
10307271	GREEN LANE			1910	[-0.4300,51.7500]	
10307360	GREENWAY			1910	[-0.5800,51.7600]	
10307457	GROVE ROAD			1910	[-0.6550,51.8050]	
10308045	HAZELDELL ROAD			1910	[-0.5000,51.7500]	
10308081	HEATH LANE			1910	[-0.4800,51.7500]	
10308428	HIGH STREET			1910	[-0.5300,51.7200]	
10308525	HILL COMMON			1910	[-0.4500,51.7400]	
10308809	HOLLYBUSH LANE			1910	[-0.5000,51.7600]	
10309316	JUPITER DRIVE			1910	[-0.4550,51.7600]	
10309559	KINGS ROAD			1910	[-0.5750,51.7550]	
10309831	LANGLEY HILL			1910	[-0.4600,51.7100]	
10310204	LIME WALK			1910	[-0.4600,51.7450]	
10310402	LOCKERS PARK LANE			1910	[-0.4800,51.7500]	
10310457	LONDON ROAD			1910	[-0.4900,51.7400]	
10310574	LONGLANDS			1910	[-0.4500,51.7550]	
10310627	LOVE LANE			1910	[-0.4600,51.7150]	
10310942	MALMES CROFT			1910	[-0.4400,51.7500]	
10311062	MANSION DRIVE			1910	[-0.6600,51.7900]	
10311907	MORTIMER HILL			1910	[-0.6600,51.8000]	
10312169	NEW ROAD			1910	[-0.5900,51.7700]	
10312706	OLD CRABTREE LANE			1910	[-0.4600,51.7500]	
10312817	OLIVER ROAD			1910	[-0.4600,51.7400]	
10313295	PARK VIEW ROAD			1910	[-0.5700,51.7600]	
10313441	PEASCROFT ROAD			1910	[-0.4500,51.7400]	
10313909	PRINCE EDWARD STREET			1910	[-0.5600,51.7600]	
10314309	REDWOOD DRIVE			1910	[-0.4600,51.7500]	
10314858	RUMBALLS ROAD			1910	[-0.4500,51.7400]	
10315180	SCHOOL ROW			1910	[-0.5011,51.7512]	
10315352	SHENLEY ROAD			1910	[-0.4450,51.7750]	
10315844	ST AGNELLS LANE			1910	[-0.4500,51.7750]	
10315986	ST LAWRENCE CLOSE			1910	[-0.5300,51.7250]	
10316275	STATION ROAD			1910	[-0.7050,51.8300]	
10316355	STOCKS ROAD			1910	[-0.6000,51.8050]	
10316757	SWING GATE LANE			1910	[-0.5600,51.7450]	
10316947	TENZING ROAD			1910	[-0.4500,51.7550]	
10317140	THE COMMON			1910	[-0.5500,51.7700]	
10317142	THE COMMON			1910	[-0.5000,51.7000]	
10318087	TROWLEY HILL ROAD			1910	[-0.4400,51.8100]	
10321034	WARNERS END ROAD			1910	[-0.4900,51.7600]	
10321092	WASHINGTON AVENUE			1910	[-0.4600,51.7700]	
10321890	WINDMILL ROAD			1910	[-0.4600,51.7500]	
10325051	HIGH STREET			1910	[-0.5800,51.7600]	
10325071	HIGH RIDGE CLOSE			1910	[-0.4700,51.7300]	
10340020	BEECHWOOD PARK			1910	[-0.4900,51.8200]	
10340098	HALSEY DRIVE			1910	[-0.5000,51.7600]	
12400512	APTON ROAD			1915	[0.1580,51.8687]	
12400681	ASHENDENE ROAD			1915	[-0.1085,51.7535]	
12401945	BOWLING GREEN LANE			1915	[-0.0241,51.9491]	
12402541	BULLFIELDS			1915	[0.1515,51.8176]	
12402820	CALTON AVENUE			1915	[-0.1033,51.8010]	
12402847	CAMBRIDGE ROAD			1915	[0.1487,51.8161]	
12402909	CANNONS MEADOW			1915	[-0.1561,51.8150]	
12403065	B1038 FROM ITS JUNCTION WITH BIGGIN HILL TO ANDERSONS LANE			1915	[0.0210,51.9489]	
12403799	CHURCH END			1915	[0.0838,51.9021]	
12403848	CHURCH LANE			1915	[-0.0602,51.8780]	
12403948	CHURCHFIELDS			1915	[-0.0735,51.7951]	
12404163	COLD CHRISTMAS LANE			1915	[-0.0320,51.8336]	
12404223	COLLEGE ROAD			1915	[-0.0403,51.7798]	
12404569	COZENS ROAD			1915	[-0.0145,51.8170]	
12404667	CRICKETFIELD LANE			1915	[0.1439,51.8760]	
12405186	DIVOT PLACE			1915	[-0.0493,51.8011]	
12405375	DUNMOW ROAD			1915	[0.1787,51.8708]	
12405822	ERMINE STREET			1915	[-0.0294,51.8380]	
12406308	FORDWICH RISE			1915	[-0.0966,51.7974]	
12407191	GREAT HADHAM ROAD			1915	[0.1198,51.8598]	
12407581	HALE ROAD			1915	[-0.0773,51.7941]	
12408075	HEATH DRIVE			1915	[-0.0321,51.8197]	
12408366	HIGH STREET			1915	[-0.1283,51.9179]	
12408371	HIGH STREET			1915	[0.0522,51.8060]	
12408405	HIGH STREET			1915	[0.0102,51.8883]	
12408445	HIGH WYCH ROAD			1915	[0.1077,51.7961]	
12408626	HILLSIDE LANE			1915	[-0.0112,51.7907]	
12408726	HOE LANE			1915	[-0.0367,51.7967]	
12408805	HOLLYBUSH LANE			1915	[-0.1694,51.8572]	
12409659	KNIGHT STREET			1915	[0.1512,51.8126]	
12410441	LONDON ROAD			1915	[0.1617,51.8525]	
12410460	LONDON ROAD			1915	[-0.0256,51.8039]	
12410490	LONDON ROAD			1915	[0.1566,51.8346]	
12410982	MANGROVE ROAD			1915	[-0.0699,51.7916]	
12411339	MAZE GREEN ROAD			1915	[0.1466,51.8725]	
12411632	MILL RACE			1915	[0.0095,51.7889]	
12411790	MONKS WALK			1915	[-0.0230,51.9461]	
12411877	MORGANS ROAD			1915	[-0.0789,51.7891]	
12412026	MUSLEY HILL			1915	[-0.0278,51.8143]	
12412163	NEW ROAD			1915	[-0.0296,51.8104]	
12412334	NORFOLK ROAD			1915	[-0.0222,51.9494]	
12412413	NORTH ROAD			1915	[-0.0897,51.7997]	
12412724	OLD HALL GREEN			1915	[-0.0084,51.8786]	
12413054	PAMELA GARDENS			1915	[0.1565,51.8533]	
12413234	PARK LANE			1915	[0.1616,51.8579]	
12413264	PARK ROAD			1915	[-0.0505,51.8122]	
12413367	PARSONAGE LANE			1915	[0.1777,51.8744]	
12413499	PENNINGTONS			1915	[0.1409,51.8601]	
12413716	PLAW HATCH CLOSE			1915	[0.1783,51.8743]	
12413802	PORT VALE			1915	[-0.0856,51.7997]	
12414250	RECTORY LANE			1915	[-0.1144,51.8563]	
12414978	SACOMBE ROAD			1915	[-0.0846,51.8139]	
12415169	SCHOOL LANE			1915	[-0.1514,51.8901]	
12415173	SCHOOL LANE			1915	[-0.0980,51.9270]	
12415195	SCOTT ROAD			1915	[0.1525,51.8649]	
12416029	ST MARYS LANE			1915	[-0.1045,51.7849]	
12416193	STANSTEAD ROAD			1915	[-0.0520,51.7998]	
12416277	STATION ROAD			1915	[0.0178,51.8887]	
12416417	STORTFORD ROAD			1915	[0.1051,51.8814]	
12416990	THE AVENUE			1915	[-0.0848,51.8078]	
12417082	THE CAUSEWAY			1915	[-0.0131,51.9504]	
12417795	THORN GROVE			1915	[0.1693,51.8636]	
12417799	THORNBERA GARDENS			1915	[0.1555,51.8565]	
12417954	TOWER HILL			1915	[0.0696,51.8471]	
12417959	TOWER ROAD			1915	[-0.0246,51.8159]	
12419279	UNADOPTED ROAD SOUTH FROM WARE ROAD PAST HEATHMOUNT SCHOOL TO CATTLE GRID			1915	[-0.0898,51.8525]	
12419986	UNADOPTED ROAD WEST FROM THE STREET TO FURNEUX PELHAM HALL			1915	[0.0768,51.9316]	
12420003	ROAD FROM STORTFORD ROAD TO BAUD CLOSE			1915	[0.1081,51.8831]	
12420636	UPLANDS			1915	[0.0289,51.9056]	
12421008	WARE ROAD			1915	[0.0493,51.8235]	
12421009	WARE ROAD			1915	[-0.0652,51.8361]	
12421056	WARREN PARK ROAD			1915	[-0.0821,51.8027]	
12421082	WARWICK ROAD			1915	[0.1663,51.8667]	
12421307	WELWYN ROAD			1915	[-0.1096,51.8009]	
12421838	WILTON CRESCENT			1915	[-0.0826,51.7863]	
12421865	WINDHILL			1915	[0.1538,51.8692]	
12421977	WOBURN AVENUE			1915	[0.1360,51.8704]	
12422087	WOODLAND ROAD			1915	[-0.0440,51.7829]	
12425034	BIRCH GREEN			1915	[-0.1277,51.7870]	
12425084	SOUTH END			1915	[0.0782,51.8253]	
12425150	HIGH ROAD			1915	[-0.0240,51.8470]	
12425310	ROAD NORTH FROM B1004 WARE ROAD AT WAR MEMORIAL TO REEVES GREEN			1915	[0.0191,51.8190]	
12425349	C11 NORTH FROM SNOW END TO JUNCTION WITH MILL LANE			1915	[0.0412,51.9736]	
12425371	WARRAX PARK			1915	[0.0079,51.7923]	
12450020	HENDERSON PLACE			1915	[-0.1267,51.7455]	
12450078	ST MARGARETSBURY			1915	[-0.0017,51.7869]	
12450102	WALKERN ROAD			1915	[-0.1244,51.8937]	
13800356	CROOKED MILE			1535	[0.0008,51.6937]	
17200224	ALBAN CRESCENT			1920	[-0.2724,51.6673]	
17200278	ALDENHAM ROAD			1920	[-0.3741,51.6534]	
17200351	ALLERTON ROAD			1920	[-0.2853,51.6686]	
17200847	AYCLIFFE ROAD			1920	[-0.2824,51.6668]	
17200945	BAKER STREET			1920	[-0.2004,51.6874]	
17201786	BLANCHE LANE			1920	[-0.2338,51.6892]	
17201918	BOURNEHALL AVENUE			1920	[-0.3606,51.6501]	
17202368	BROOK ROAD			1920	[-0.2756,51.6624]	
17202710	BUSHEY HALL DRIVE			1920	[-0.3765,51.6547]	
17202714	BUSHEY MILL LANE			1920	[-0.3806,51.6699]	
17203339	CHACE AVENUE			1920	[-0.1693,51.6948]	
17204134	COBDEN HILL			1920	[-0.3140,51.6776]	
17204166	COLDHARBOUR LANE			1920	[-0.3524,51.6469]	
17204542	COWLEY HILL			1920	[-0.2700,51.6704]	
17204907	DANCERS HILL ROAD			1920	[-0.2024,51.6792]	
17205346	DUGDALE HILL LANE			1920	[-0.2045,51.6950]	
17205754	ELSTREE ROAD			1920	[-0.3345,51.6399]	
17205964	FALCONER ROAD			1920	[-0.3675,51.6468]	
17206140	FIELD VIEW ROAD			1920	[-0.1885,51.6905]	
17206620	FURZEHILL ROAD			1920	[-0.2690,51.6502]	
17206757	GATESHEAD ROAD			1920	[-0.2777,51.6662]	
17206837	GILLS HILL LANE			1920	[-0.3268,51.6811]	
17207107	GRANGE ROAD			1920	[-0.3742,51.6492]	
17207858	HARTSBOURNE ROAD			1920	[-0.3419,51.6317]	
17208085	HEATH ROAD			1920	[-0.1833,51.7047]	
17208289	HIGH CROSS			1920	[-0.3412,51.6763]	
17208357	HIGH STREET			1920	[-0.1759,51.6962]	
17208417	HIGH STREET			1920	[-0.3628,51.6429]	
17208517	HILFIELD LANE			1920	[-0.3461,51.6577]	
17208610	HILLSIDE AVENUE			1920	[-0.2677,51.6537]	
17209368	KENILWORTH DRIVE			1920	[-0.2589,51.6546]	
17209965	LAUREL FIELDS			1920	[-0.1984,51.6994]	
17210436	LONDON ROAD			1920	[-0.2777,51.6892]	
17210472	LONDON ROAD			1920	[-0.3744,51.6461]	
17211510	MERRY HILL ROAD			1920	[-0.3613,51.6419]	
17212189	NEWBERRIES AVENUE			1920	[-0.3102,51.6848]	
17212279	NICOLL WAY			1920	[-0.2536,51.6502]	
17214037	QUAKERS LANE			1920	[-0.1789,51.7024]	
17214288	REDDINGS AVENUE			1920	[-0.3539,51.6475]	
17214414	RIDGE HILL			1920	[-0.2658,51.7104]	
17215175	SCHOOL LANE			1920	[-0.3566,51.6381]	
17216066	ST NICHOLAS CLOSE			1920	[-0.2970,51.6451]	
17216488	STUDIO WAY			1920	[-0.2592,51.6621]	
17217071	THE CAUSEWAY			1920	[-0.1691,51.7000]	
17217316	THE GREEN			1920	[-0.3359,51.6667]	
17217622	THE RUTTS			1920	[-0.3415,51.6359]	
17217747	THEOBALD STREET			1920	[-0.2978,51.6677]	
17217833	THRIFT FARM LANE			1920	[-0.2663,51.6626]	
17221155	WATFORD ROAD			1920	[-0.3288,51.6823]	
17221180	WATLING STREET			1920	[-0.3221,51.6925]	
17221951	WINSTRE ROAD			1920	[-0.2745,51.6645]	
17222215	WROXHAM GARDENS			1920	[-0.2109,51.7001]	
17225043	HUGO GRYN WAY			1920	[-0.2896,51.7040]	
17225103	WATKINS RISE			1920	[-0.1900,51.6850]	
17225123	ALDENHAM ROAD			1920	[-0.3177,51.6544]	
17225211	WALL HALL DRIVE			1920	[-0.3535,51.6827]	
27900532	ARCHERS WAY			1925	[-0.2405,51.9803]	
27900565	ARLESEY ROAD			1925	[-0.2750,51.9739]	
27900655	ASHBROOK LANE			1925	[-0.2564,51.9331]	
27900731	ASHWELL COMMON			1925	[-0.2143,51.9348]	
27900900	BACK LANE			1925	[-0.2912,51.9063]	
27901133	BARRINGTON ROAD			1925	[-0.2263,51.9692]	
27901147	BARTON ROAD			1925	[-0.3899,51.9600]	
27901268	BEDFORD ROAD			1925	[-0.2831,51.9571]	
27901272	BEDFORD ROAD			1925	[-0.2405,51.9832]	
27901456	BENDISH LANE			1925	[-0.2953,51.8791]	
27901485	BENSLOW LANE			1925	[-0.2645,51.9500]	
27902114	BRIAR PATCH LANE			1925	[-0.2410,51.9676]	
27902324	BROADWAY			1925	[-0.2319,51.9736]	
27902602	BURLEY			1925	[-0.2256,51.9957]	
27902626	BURNS ROAD			1925	[-0.0239,52.0604]	
27902679	BURY MEAD ROAD			1925	[-0.2722,51.9601]	
27902849	CAMBRIDGE ROAD			1925	[-0.2546,51.9586]	
27903800	CHURCH END			1925	[0.0411,52.0269]	
27905909	FAIRFIELD WAY			1925	[-0.2477,51.9538]	
27906216	FISHPONDS ROAD			1925	[-0.2803,51.9538]	
27906356	FOURACRES			1925	[-0.2233,51.9641]	
27906683	GAPING LANE			1925	[-0.2873,51.9507]	
27906702	GARDEN WALK			1925	[-0.0138,52.0529]	
27907066	GRAMMAR SCHOOL WALK			1925	[-0.2792,51.9500]	
27908341	HIGH STREET			1925	[-0.2985,51.8500]	
27908354	HIGH STREET			1925	[-0.3318,51.9733]	
27908376	HIGH STREET			1925	[-0.1863,51.9873]	
27908408	HIGH STREET			1925	[0.0171,52.0001]	
27908456	HIGHBURY ROAD			1925	[-0.2698,51.9482]	
27908460	HIGHFIELD			1925	[-0.2393,51.9696]	
27909144	ICKNIELD WAY			1925	[-0.2304,51.9828]	
27909213	JACKSONS LANE			1925	[-0.0157,52.0091]	
27910206	LIMEKILN LANE			1925	[-0.1817,51.9845]	
27910905	MAIDEN STREET			1925	[-0.1641,51.9552]	
27910981	MANGROVE ROAD			1925	[-0.3670,51.8998]	
27911273	MATTOCKE ROAD			1925	[-0.2915,51.9568]	
27911393	MEADOW WAY			1925	[-0.2397,51.8483]	
27911450	MELBOURN ROAD			1925	[-0.0163,52.0550]	
27912114	NEVELLS ROAD			1925	[-0.2275,51.9816]	
27912491	NORTON ROAD			1925	[-0.2080,51.9998]	
27912721	OLD HALE WAY			1925	[-0.2808,51.9627]	
27912998	OXFORD ROAD			1925	[-0.3277,51.8850]	
27913281	PARK STREET			1925	[-0.1899,51.9872]	
27913784	POPLAR CLOSE			1925	[-0.0130,52.0511]	
27913976	PROVIDENCE WAY			1925	[-0.1814,51.9835]	
27913981	PRYOR WAY			1925	[-0.1995,51.9721]	
27914121	RADBURN WAY			1925	[-0.2116,51.9731]	
27914411	RIDGE AVENUE			1925	[-0.2195,51.9777]	
27914884	RUSHDEN ROAD			1925	[-0.0908,51.9840]	
27915155	SCHOOL LANE			1925	[-0.3451,51.9362]	
27915162	SCHOOL LANE			1925	[-0.2812,51.9079]	
27915465	SICCUT ROAD			1925	[-0.2390,51.9339]	
27915482	SILVER STREET			1925	[-0.1526,52.0404]	
27915718	SPARHAWKE			1925	[-0.2230,51.9949]	
27916038	ST MARYS WAY			1925	[-0.1927,51.9814]	
27916058	ST MICHAELS ROAD			1925	[-0.2558,51.9499]	
27916147	STANDHILL ROAD			1925	[-0.2755,51.9441]	
27916313	STEVENAGE ROAD			1925	[-0.2666,51.9389]	
27916474	STUART DRIVE			1925	[-0.2585,51.9474]	
27916489	STUDLANDS RISE			1925	[-0.0135,52.0466]	
27916729	SWANGLEYS LANE			1925	[-0.1742,51.8619]	
27916838	TANNERY DRIFT			1925	[-0.0292,52.0498]	
27917078	THE CAUSEWAY			1925	[-0.0552,52.0192]	
27921404	WEST VIEW			1925	[-0.2366,51.9738]	
27921435	WESTERN CLOSE			1925	[-0.2338,51.9936]	
27921503	WESTON WAY			1925	[-0.1904,51.9821]	
27921655	WHITEHILL ROAD			1925	[-0.2672,51.9427]	
27922303	YORK ROAD			1925	[-0.2776,51.9558]	
27925037	CLOTHALL ROAD			1925	[-0.1824,51.9888]	
27925096	WHITEHORSE LANE			1925	[-0.1702,51.9293]	
27925283	WHITEWAY			1925	[-0.2063,51.9704]	
37300302	ALDWICKBURY CRESCENT			1930	[-0.3388,51.8150]	
37300309	ALEXANDER ROAD			1930	[-0.2998,51.7280]	
37300405	AMBROSE LANE			1930	[-0.3625,51.8261]	
37302051	BRAMPTON ROAD			1930	[-0.3160,51.7546]	
37302060	BRANCH ROAD			1930	[-0.3387,51.7204]	
37302108	BREWHOUSE HILL			1930	[-0.2992,51.8094]	
37302732	BUTTERFIELD ROAD			1930	[-0.2973,51.8072]	
37302864	CAMP ROAD			1930	[-0.3138,51.7486]	
37303278	CECIL ROAD			1930	[-0.3214,51.7503]	
37303317	CELL BARNES LANE			1930	[-0.3112,51.7437]	
37303394	CHANDLERS ROAD			1930	[-0.3018,51.7669]	
37303789	CHURCH CRESCENT			1930	[-0.3436,51.7553]	
37303808	CHURCH GREEN			1930	[-0.3574,51.8161]	
37304255	COLNEY HEATH LANE			1930	[-0.2810,51.7469]	
37304498	COTTONMILL LANE			1930	[-0.3316,51.7418]	
37304580	CRABTREE LANE			1930	[-0.3382,51.8186]	
37304761	CROUCH HALL LANE			1930	[-0.4010,51.8013]	
37304943	DARK LANE			1930	[-0.3384,51.8077]	
37305262	DOWNES ROAD			1930	[-0.3114,51.7699]	
37305285	DRAKES DRIVE			1930	[-0.3090,51.7420]	
37305454	EAST CLOSE			1930	[-0.3543,51.7314]	
37305848	ETNA ROAD			1930	[-0.3393,51.7557]	
37307454	GROVE ROAD			1930	[-0.3417,51.7476]	
37307622	HALL PLACE GARDENS			1930	[-0.3328,51.7556]	
37307805	HARPER LANE			1930	[-0.3102,51.7039]	
37307913	HATFIELD ROAD			1930	[-0.3029,51.7547]	
37308037	HAZEL ROAD			1930	[-0.3539,51.7145]	
37308049	HAZELMERE ROAD			1930	[-0.3040,51.7655]	
37308112	HEATHLANDS DRIVE			1930	[-0.3332,51.7629]	
37308306	HIGH OAKS			1930	[-0.3406,51.7711]	
37308338	HIGH STREET			1930	[-0.2608,51.7404]	
37308629	HILLSIDE ROAD			1930	[-0.3295,51.7564]	
37308745	HOLCROFT ROAD			1930	[-0.3356,51.8256]	
37309513	KING HARRY LANE			1930	[-0.3558,51.7453]	
37310106	LEMSFORD ROAD			1930	[-0.3266,51.7558]	
37310432	LONDON ROAD			1930	[-0.3337,51.7482]	
37310515	LONG CUTT			1930	[-0.4044,51.8009]	
37310727	LUTON ROAD			1930	[-0.3767,51.8277]	
37310973	MANDEVILLE DRIVE			1930	[-0.3387,51.7371]	
37310985	MANLAND WAY			1930	[-0.3461,51.8223]	
37311846	MOORLAND ROAD			1930	[-0.3529,51.8294]	
37311944	MOUNT PLEASANT LANE			1930	[-0.3718,51.7044]	
37312522	NURSERIES ROAD			1930	[-0.2884,51.8075]	
37312668	OAKWOOD DRIVE			1930	[-0.3008,51.7544]	
37313594	PICKFORD HILL			1930	[-0.3409,51.8261]	
37314777	ROUNDWOOD PARK			1930	[-0.3724,51.8227]	
37314821	ROYAL ROAD			1930	[-0.3125,51.7527]	
37315064	SANDRIDGE ROAD			1930	[-0.3268,51.7626]	
37315065	SANDRIDGEBURY LANE			1930	[-0.3195,51.7758]	
37315105	SAUNCEY AVENUE			1930	[-0.3474,51.8223]	
37315681	SOUTHDOWN ROAD			1930	[-0.3494,51.8105]	
37315722	SPARROWSWICK RIDE			1930	[-0.3422,51.7734]	
37315756	SPOONERS DRIVE			1930	[-0.3480,51.7206]	
37316053	ST MICHAELS STREET			1930	[-0.3540,51.7541]	
37316529	SUN LANE			1930	[-0.3566,51.8210]	
37316896	TELFORD ROAD			1930	[-0.3011,51.7216]	
37317589	THE RIDGEWAY			1930	[-0.3105,51.7650]	
37317980	TOWNSEND AVENUE			1930	[-0.3333,51.7566]	
37317983	TOWNSEND DRIVE			1930	[-0.3376,51.7623]	
37320757	VAUGHAN ROAD			1930	[-0.3542,51.8157]	
37320973	WALSINGHAM WAY			1930	[-0.3007,51.7194]	
37321176	WATLING STREET			1930	[-0.3468,51.7375]	
37321184	WATLING VIEW			1930	[-0.3445,51.7374]	
37321187	WATSON AVENUE			1930	[-0.3272,51.7642]	
37321550	WHEATHAMPSTEAD ROAD			1930	[-0.3290,51.8108]	
37321859	WINDERMERE AVENUE			1930	[-0.3084,51.7446]	
37322024	WOODCOCK HILL			1930	[-0.2880,51.7776]	
37322282	YEOMANS AVENUE			1930	[-0.3813,51.8262]	
37350000	ABBEY GATEWAY			1930	[-0.3443,51.7513]	
37350073	HIXBERRY LANE			1930	[-0.2910,51.7444]	
37800369	ALMONDS LANE			1935	[-0.1946,51.9156]	
37801124	BARNWELL			1935	[-0.1732,51.8912]	
37801288	BEDWELL CRESCENT			1935	[-0.1883,51.9062]	
37802231	BRITTAIN WAY			1935	[-0.1755,51.8998]	
37802283	BROADHALL WAY			1935	[-0.1766,51.8796]	
37802691	BURYDALE			1935	[-0.1775,51.8823]	
37803552	CHELLS WAY			1935	[-0.1719,51.9077]	
37803622	CHERTSEY RISE			1935	[-0.1664,51.8955]	
37804232	COLLENSWOOD ROAD			1935	[-0.1701,51.8992]	
37805417	DURHAM ROAD			1935	[-0.1815,51.9223]	
37805654	ELIOT ROAD			1935	[-0.1655,51.9084]	
37806067	FEATHERSTON ROAD			1935	[-0.1661,51.8940]	
37808367	HIGH STREET			1935	[-0.2076,51.9110]	
37808675	HITCHIN ROAD			1935	[-0.2156,51.9215]	
37808904	HOMESTEAD MOAT			1935	[-0.1930,51.9006]	
37809121	HYDEAN WAY			1935	[-0.1759,51.8922]	
37810117	LETCHMORE ROAD			1935	[-0.2023,51.9114]	
37810594	LONSDALE ROAD			1935	[-0.1883,51.9106]	
37811567	MILDMAY ROAD			1935	[-0.1733,51.9184]	
37811751	MOBBSBURY WAY			1935	[-0.1713,51.9124]	
37811798	MONKSWOOD WAY			1935	[-0.1971,51.8933]	
37812656	OAKS CROSS			1935	[-0.1775,51.8819]	
37813440	PEARTREE WAY			1935	[-0.1805,51.8937]	
37813853	POUND AVENUE			1935	[-0.2029,51.9092]	
37814460	RIPON ROAD			1935	[-0.1817,51.9254]	
37815360	SHEPHALL GREEN			1935	[-0.1757,51.8902]	
37815520	SIX HILLS WAY			1935	[-0.1892,51.8991]	
37816001	ST MARGARETS			1935	[-0.1887,51.8882]	
37820744	VALLEY WAY			1935	[-0.1836,51.8932]	
37820928	WALKERN ROAD			1935	[-0.2016,51.9144]	
37821228	WEBB RISE			1935	[-0.1844,51.9123]	
37821965	WISDEN ROAD			1935	[-0.1875,51.9180]	
37823061	PARK PLACE			1935	[-0.2006,51.9027]	
37825017	BRIDGE ROAD WEST			1935	[-0.2159,51.9101]	
40400213	AINSDALE ROAD			1940	[-0.3958,51.6267]	
40401543	BERRY LANE			1940	[-0.5046,51.6420]	
40401680	BISHOPS AVENUE			1940	[-0.4197,51.6255]	
40402439	BROOMFIELD RISE			1940	[-0.4260,51.7009]	
40402475	BRUSHWOOD DRIVE			1940	[-0.5251,51.6560]	
40403564	CHENIES ROAD			1940	[-0.5078,51.6614]	
40403767	CHORLEYWOOD ROAD			1940	[-0.4883,51.6535]	
40403852	CHURCH LANE			1940	[-0.4918,51.6356]	
40404215	COLLEGE ROAD			1940	[-0.4070,51.7021]	
40405359	DULWICH WAY			1940	[-0.4500,51.6515]	
40405673	ELLESBOROUGH CLOSE			1940	[-0.3918,51.6186]	
40406574	DENHAM WAY			1940	[-0.5077,51.6183]	
40406666	GALLOWS HILL LANE			1940	[-0.4213,51.7039]	
40407037	GOSFORTH LANE			1940	[-0.3998,51.6271]	
40407874	HARVEY ROAD			1940	[-0.4473,51.6447]	
40408012	HAYLING ROAD			1940	[-0.4011,51.6297]	
40408056	HAZELWOOD LANE			1940	[-0.4282,51.7001]	
40408295	HIGH ELMS LANE			1940	[-0.3910,51.7031]	
40408397	HIGH STREET			1940	[-0.4712,51.6402]	
40409884	LANGLEYBURY LANE			1940	[-0.4413,51.6848]	
40410223	LINCOLN DRIVE			1940	[-0.4445,51.6571]	
40410961	MALVERN WAY			1940	[-0.4438,51.6515]	
40411404	MEADOW WAY			1940	[-0.4135,51.7198]	
40413002	OXHEY DRIVE			1940	[-0.3952,51.6199]	
40413266	PARK ROAD			1940	[-0.4661,51.6427]	
40413362	PARSONAGE CLOSE			1940	[-0.4176,51.7098]	
40414399	RICKMANSWORTH ROAD			1940	[-0.4968,51.6563]	
40415079	SANDY LODGE LANE			1940	[-0.4236,51.6309]	
40415081	SANDY LODGE ROAD			1940	[-0.4408,51.6326]	
40415098	SARRATT ROAD			1940	[-0.4750,51.6700]	
40415188	SCOTS HILL			1940	[-0.4580,51.6452]	
40415365	SHEPHERDS LANE			1940	[-0.5050,51.6450]	
40416118	STAG LANE			1940	[-0.5218,51.6464]	
40416344	STOCKERS FARM ROAD			1940	[-0.4765,51.6300]	
40417236	THE DRIVE			1940	[-0.4835,51.6472]	
40417314	THE GREEN			1940	[-0.4976,51.6885]	
40417463	THE MEAD			1940	[-0.3798,51.6281]	
40422067	WOODHALL LANE			1940	[-0.3857,51.6227]	
40430114	TOLPITS LANE			1940	[-0.4300,51.6400]	
42400182	ADDISCOMBE ROAD			1945	[-0.4025,51.6544]	
42400502	APPLETREE WALK			1945	[-0.3965,51.6882]	
42400620	ASCOT ROAD			1945	[-0.4256,51.6499]	
42401421	BELLMOUNT WOOD AVENUE			1945	[-0.4204,51.6677]	
42401539	BERRY AVENUE			1945	[-0.4003,51.6817]	
42402116	BRIAR ROAD			1945	[-0.4013,51.6896]	
42403891	CHURCH ROAD			1945	[-0.4038,51.6673]	
42404127	COATES WAY			1945	[-0.3822,51.6951]	
42404257	COLONIAL WAY			1945	[-0.3881,51.6657]	
42404780	CROXLEY VIEW			1945	[-0.4190,51.6456]	
42405508	EASTBURY ROAD			1945	[-0.3925,51.6432]	
42405845	ESTCOURT ROAD			1945	[-0.3955,51.6593]	
42406364	FOURTH AVENUE			1945	[-0.3839,51.6856]	
42406673	GAMMONS LANE			1945	[-0.4112,51.6777]	
42407311	GREENBANK ROAD			1945	[-0.4234,51.6816]	
42407868	HARVEST END			1945	[-0.3843,51.6817]	
42408157	HEMPSTEAD ROAD			1945	[-0.4119,51.6685]	
42408319	HIGH ROAD			1945	[-0.4082,51.6933]	
42408983	HORSESHOE LANE			1945	[-0.3900,51.6962]	
42409686	KNUTSFORD AVENUE			1945	[-0.3876,51.6722]	
42409717	LADYS CLOSE			1945	[-0.3961,51.6528]	
42412063	NASCOT WOOD ROAD			1945	[-0.4144,51.6729]	
42412080	NEAL STREET			1945	[-0.3944,51.6502]	
42412222	NEWHOUSE CRESCENT			1945	[-0.3948,51.6986]	
42412362	NORTH APPROACH			1945	[-0.4038,51.6888]	
42412446	NORTHFIELD GARDENS			1945	[-0.3927,51.6762]	
42413008	OXHEY ROAD			1945	[-0.3901,51.6416]	
42414402	RICKMANSWORTH ROAD			1945	[-0.4154,51.6562]	
42415710	SOUTHSEA AVENUE			1945	[-0.4079,51.6540]	
42415716	SOUTHWOLD ROAD			1945	[-0.3930,51.6750]	
42416179	STANLEY ROAD			1945	[-0.3913,51.6561]	
42417917	TOLPITS LANE			1945	[-0.4277,51.6414]	
42420826	VICARAGE ROAD			1945	[-0.4060,51.6471]	
42421150	WATFORD FIELD ROAD			1945	[-0.3911,51.6506]	
42425008	ALDENHAM ROAD			1945	[-0.3822,51.6468]	
42425063	STANBOROUGH PARK			1945	[-0.3940,51.6856]	
42425200	THE BROW			1945	[-0.3996,51.6968]	
43000494	APPLECROFT ROAD			1950	[-0.2184,51.7981]	
43001653	BIRCHWAY			1950	[-0.2256,51.7682]	
43001658	BIRCHWOOD AVENUE			1950	[-0.2283,51.7701]	
43001763	BLACKTHORN ROAD			1950	[-0.1848,51.7940]	
43002003	BRADMORE WAY			1950	[-0.2017,51.7242]	
43002125	BRIARS LANE			1950	[-0.2298,51.7577]	
43004211	COLLEGE LANE			1950	[-0.2417,51.7550]	
43004718	CROOKHAMS			1950	[-0.1836,51.8107]	
43004935	DANIELLS			1950	[-0.1796,51.8028]	
43005072	DELLSOME LANE			1950	[-0.2301,51.7350]	
43007210	GREAT NORTH ROAD			1950	[-0.2005,51.8378]	
43007283	GREEN LANES			1950	[-0.2354,51.7821]	
43007881	HARWOOD HILL			1950	[-0.2007,51.8140]	
43008031	HAZEL GROVE			1950	[-0.2341,51.7479]	
43008195	HERNS LANE			1950	[-0.1724,51.8047]	
43008224	HERTFORD ROAD			1950	[-0.1837,51.8163]	
43008650	HILLYFIELDS			1950	[-0.1702,51.8039]	
43008862	HOLWELL ROAD			1950	[-0.1976,51.7944]	
43009630	KIRKLANDS			1950	[-0.2026,51.8170]	
43009673	KNIGHTSFIELD			1950	[-0.1980,51.8161]	
43010105	LEMSFORD LANE			1950	[-0.2209,51.7930]	
43010108	LEMSFORD VILLAGE			1950	[-0.2311,51.7941]	
43010440	LONDON ROAD			1950	[-0.2153,51.8264]	
43010445	LONDON ROAD			1950	[-0.1835,51.8579]	
43012218	NEWGATE STREET VILLAGE			1950	[-0.1133,51.7281]	
43012594	OAKEN GROVE			1950	[-0.1992,51.7881]	
43012769	OLD RECTORY DRIVE			1950	[-0.2217,51.7610]	
43013435	PEARTREE LANE			1950	[-0.1979,51.7969]	
43013518	PENTLEY PARK			1950	[-0.2076,51.8097]	
43013627	PINE GROVE			1950	[-0.1810,51.7260]	
43013719	PLEASANT RISE			1950	[-0.2120,51.7723]	
43015163	SCHOOL LANE			1950	[-0.1524,51.7619]	
43015164	SCHOOL LANE			1950	[-0.2187,51.7656]	
43015179	SCHOOL ROAD			1950	[-0.1755,51.7059]	
43015376	SHEPHERDS WAY			1950	[-0.1701,51.7177]	
43017143	THE COMMONS			1950	[-0.1803,51.7859]	
43017755	THEOBALDS ROAD			1950	[-0.1134,51.7063]	
43018009	TRAVELLERS LANE			1950	[-0.2177,51.7406]	
43018011	TRAVELLERS LANE			1950	[-0.2256,51.7500]	
43018612	LOCKLEYS			1950	[-0.2066,51.8278]	
43020877	VINEYARDS ROAD			1950	[-0.1422,51.7106]	
43021093	WATCHLYTES			1950	[-0.1727,51.7992]	
43022065	WOODHALL LANE			1950	[-0.2007,51.7919]	
43022131	WOODS AVENUE			1950	[-0.2303,51.7572]	
43022546	ROWANS			1950	[-0.1859,51.8129]	
43025040	THE RUNWAY			1950	[-0.2475,51.7669]	
43025065	SIR JOHN NEWSOM WAY			1950	[-0.1995,51.7873]	
4800445	ANDREWS LANE			1905	[-0.0551,51.7101]	
4800894	BAAS HILL			1905	[-0.0343,51.7433]	
4801461	BENFORD ROAD			1905	[-0.0229,51.7527]	
4801806	BLINDMANS LANE			1905	[-0.0388,51.7052]	
4802197	BRIDLEWAY NORTH			1905	[-0.0067,51.7771]	
4803642	CHESHUNT WASH			1905	[-0.0285,51.7165]	
4803954	CHURCHGATE			1905	[-0.0491,51.7045]	
4804138	COCK LANE			1905	[-0.0319,51.7500]	
4804221	COLLEGE ROAD			1905	[-0.0418,51.7022]	
4804567	COZENS LANE EAST			1905	[-0.0227,51.7367]	
4804740	CROSSBROOK STREET			1905	[-0.0345,51.6970]	
4804945	DARK LANE			1905	[-0.0558,51.7034]	
4805265	DOWNFIELD ROAD			1905	[-0.0298,51.6985]	
4805694	ELM DRIVE			1905	[-0.0286,51.7108]	
4805837	ESSEX ROAD			1905	[-0.0008,51.7593]	
4806803	GEWS CORNER			1905	[-0.0341,51.7058]	
4806960	GOFFS LANE			1905	[-0.0617,51.7066]	
4807890	HASLEWOOD AVENUE			1905	[-0.0085,51.7624]	
4808328	HIGH ROAD			1905	[-0.0191,51.7466]	
4808513	HIGH WOOD ROAD			1905	[-0.0189,51.7738]	
4809091	HURST DRIVE			1905	[-0.0390,51.6847]	
4809279	JONES ROAD			1905	[-0.0941,51.7058]	
4809492	KING EDWARD ROAD			1905	[-0.0280,51.6882]	
4810512	LONGCROFT DRIVE			1905	[-0.0197,51.6857]	
4810567	LONGFIELD LANE			1905	[-0.0591,51.7165]	
4811622	MILL LANE			1905	[-0.0172,51.7443]	
4811625	MILL LANE			1905	[-0.0291,51.7130]	
4811654	MILLCREST ROAD			1905	[-0.0926,51.7135]	
4812518	NUNSBURY DRIVE			1905	[-0.0248,51.7233]	
4813240	PARK LANE			1905	[-0.0553,51.7172]	
4814516	RIVERSMEAD			1905	[-0.0097,51.7578]	
4814712	ROSEDALE WAY			1905	[-0.0587,51.7118]	
4814816	ROYAL AVENUE			1905	[-0.0301,51.6905]	
4820663	UPPER MARSH LANE			1905	[-0.0123,51.7541]	
4820984	WALTON ROAD			1905	[-0.0009,51.7688]	
4821466	WESTFIELD ROAD			1905	[-0.0207,51.7645]	
4822482	STANSTEAD ROAD			1905	[-0.0053,51.7710]	
4825004	HAILEY LANE			1905	[-0.0172,51.7786]	
4825154	LIEUTENANT ELLIS WAY			1905	[-0.0536,51.6987]	
4825235	OLD ESSEX ROAD			1905	[-0.0066,51.7643]	
