school-trust	name	organisation
1	Eltham Green School Trust	
2		company:08002136
3		company:06625091
4	The Copland Learning Partnership Trust	
5	The Bourne Foundation	
6		company:07007398
7		company:06933903
8		company:08530062
9		company:09095872
10		company:07361097
11		company:07640639
12		company:06318425
13		company:06645806
14		company:07175341
15		company:06699254
16		company:08510454
17		company:08572909
18	Wednesday Learning Community Trust	
19		company:08124820
20		company:07487384
21		company:07112404
22		company:06803262
23	Lyndon School Humanities Trust Board	
24	The Frank F Harrison Trust in the Beechdale Community Partnership	
25	Brownhills School Trust	
26	Best Futures	
27		company:07030660
28		company:06530527
29		company:07031130
30		company:07088409
31		company:08180449
32		company:07757429
33	Bebington High Sports College a Co-operative Community Trust	
34		company:05210075
35	The Smile Trust (South Manchester International Learning Enterprise)	
36	West Oldham Co-operative Trust	
37		company:07210040
38		company:07239650
39	The Golbourne and Lowton Co-operative Learning Partnership Trust	
40	The Golborne and Lowton Co-operative Learning Partnership Trust	
41		company:07137803
42		company:07147060
43		company:07172612
44		company:08647577
45		company:07476344
46		company:08645382
47		company:08863947
48		company:07422667
49		company:08785019
50		company:07112765
51		company:07210410
52	The Nab Wood Community Trust	
53	Thornton Grammar and Queensbury School Learning Trust	
54		company:07200314
55		company:09010317
56		company:08028340
57		company:07632050
58		company:09150163
59		company:07137387
60		company:08819550
61	The Priesthope Co-operative Learning Trust	
62		company:08822970
63		company:08419368
64		company:08159893
65		company:08330167
66		company:07323734
67		company:07689558
68		company:07490257
69		company:08162626
70		company:07871729
71		company:08122838
72		company:07155299
73		company:07080464
74		company:06655424
75		company:07533785
76		company:08942309
77		company:08942398
78		company:07353837
79	The Bede Co-operative Learning Trust	
80		company:07196462
81		company:08160289
82		company:08658047
83		company:06610908
84		company:08554335
85	W W Trust	
86		company:08669980
87		company:06865093
88		company:07066659
89		company:06920399
90		company:06406335
91		company:07362459
92		company:07810556
93		company:06664132
94		company:06722344
95		company:07421249
96		company:06736504
97		company:09097648
98		company:08670392
99		company:07207094
100		company:07048537
101		company:07085883
102		company:07359743
103		company:07390424
104		company:06981514
105		company:07888193
106		company:07220749
107		company:07721328
108		company:08668189
109		company:07061055
110		company:08013075
111		company:07001690
112		company:08368234
113		company:08340994
114		company:08159946
115		company:08475586
116		company:07321827
117		company:08194273
118		company:08156955
119		company:08321322
120		company:07890869
121		company:07889474
122		company:08160093
123		company:06553173
124		company:07470285
125		company:07246485
126		company:07109892
127		company:07514639
128		company:08647797
129		company:08822622
130		company:07229092
131		company:08647735
132		company:08752855
133		company:08528298
134		company:08656101
135		company:08160189
136		company:08264283
137		company:08160286
138		company:08160286
139		company:06969482
140		company:08871100
141		company:08165701
142		company:08334627
143		company:08160073
144		company:08167897
145		company:07101375
146	Westlands School Trust	
147		company:08159859
148		company:07512902
149		company:07393006
150		company:07240624
151		company:06998729
152		company:07388613
153		company:09162295
154		company:06997931
155		company:07344436
156		company:07337220
157		company:07320062
158		company:07217965
159		company:07743582
160		company:06314840
161		company:06852829
162		company:07000751
163		company:07005864
164		company:06861495
165		company:07743582
166		company:07415377
167		company:08161698
168		company:06893415
169		company:07475330
170		company:06893415
171		company:06793576
172		company:07035082
173		company:07722857
174		company:06841092
175		company:06389366
176		company:06770414
177		company:06682621
178		company:07654281
179		company:07320081
180		company:07182663
181		company:06966733
182		company:07701959
183		company:06958522
184		company:07265955
185	The WELL (Wellbeing, Enterprise, Leadership and Learning) Trust	
186		company:06672194
187		company:07662251
188		company:09180154
189		company:07662251
190		company:06910125
191		company:08754672
192		company:07041876
193		company:06566468
194	Lodge Park Technology College Trust	
195		company:06356262
196		company:08330680
197		company:08124589
198		company:06672308
199		company:07322811
200		company:07112008
201		company:08160314
202		company:07817715
203		company:07299390
204		company:08045239
205		company:06953695
206		company:08160117
207		company:08159883
208		company:09069228
209		company:08011890
210		company:09345706
211		company:09648759
212		company:06968373
213		company:07210717
214		company:07351263
215		company:07299390
216		company:08272480
217		company:07066757
218		company:06998382
219	The SWISS Trust	
220		company:07061920
221		company:06809829
222		company:06860258
223		company:08645319
224		company:04915796
225		company:07365748
226		company:04967658
227		company:05319170
228		company:07207113
229		company:02236171
230		company:02303464
231		company:04439859
232		company:08462144
233		company:05342164
234		company:05067702
235		company:07131649
236		company:07875308
237		company:05102934
238		company:07001636
239		company:08624963
240		company:05195911
241		company:06794689
242		company:06781652
243		company:06228587
244		company:05112090
245		company:07054131
246		company:05037949
247	The Kings College of Arts Trust	
248		company:07268568
249		company:07267502
250	Kings Community Trust	
251		company:08684375
252		company:07738951
253		company:07680729
254		company:05853746
255		company:07163598
256		company:07820834
257		company:04930419
258		company:04220486
259		company:06590752
260		company:06929638
261		company:04251277
262		company:07205479
263		company:04357009
264		company:04701198
265		company:07468210
266		company:06207590
267		company:04504128
268		company:04418245
269		company:04268208
270		company:04544722
271		company:05398529
272		company:05412502
273		company:04444278
274		company:07082675
275	The Green Lane Co-operative Learning Trust	
276		company:04468267
277		company:07435548
278		company:04302474
279		company:04389132
280		company:07004086
281		company:08796668
282	Christchurch Learning Partnership and Church of England	
283		company:04798185
284		company:05051218
285		company:04916397
286		company:06649728
287		company:02535091
288		company:02387916
289		company:05978522
290		company:06336693
291		company:06000347
292		company:06717593
293		company:05115594
294		company:06982127
295		company:05090788
296		company:05144640
297	Marsh Academy Trust, The	
298		company:06182612
299		company:02336587
300		company:06207067
301		company:02400784
302		company:06246929
303		company:06162865
304		company:02484729
305		company:05958361
306		company:05508735
307		company:06272751
308		company:02490773
309		company:05735093
310		company:06221748
311		company:06422162
312		company:06237630
313		company:06176090
314		company:06462935
315		company:06516626
316		company:05670663
317		company:06511936
318		company:06548296
319		company:06091123
320		company:06426966
321		company:05598063
322		company:06544825
323		company:06311127
324		company:05975733
325		company:06269025
326		company:05358533
327		company:06627459
328		company:08737435
329		company:06625091
330		company:08762217
331		company:06192615
332		company:08238194
333		company:01532445
334		company:06493485
335		company:06621108
336		company:06543442
337		company:02268092
338		company:06194070
339		company:06616879
340		company:06415729
341		company:06221293
342		company:06731593
343		company:07498323
344		company:06457394
345		company:06705652
346		company:06268570
347		company:06964300
348		company:06382192
349	North East Lincolnshire Joint Church School Trust Limited	
350	Endeavour Educational Trust	
351		company:06731528
352		company:06772181
353		company:06740940
354		company:06735003
355		company:06933010
356		company:07189647
357		company:06745367
358		company:06864339
359		company:06653439
360		company:06912857
361		company:06308595
362		company:06934137
363		company:06888873
364		company:06526376
365		company:07958615
366		company:06960253
367		company:06895426
368		company:06929486
369		company:07386086
370		company:06802948
371		company:06545396
372		company:06853140
373		company:06976884
374		company:06995649
375		company:06914263
376		company:07375267
377		company:06929082
378		company:06969900
379	The EWO Community School Group	
380	Cowes Parthfinder Partnership	
381		company:06831538
382		company:07033915
383		company:07087804
384		company:00097256
385		company:07407883
386		company:06969741
387		company:06747095
388		company:07035556
389		company:06897239
390		company:07747126
391		company:07145434
392		company:06754335
393		company:07181660
394		company:07185018
395		company:07359755
396		company:07034121
397		company:07185357
398		company:07148158
399		company:06672920
400		company:06628631
401		company:07115882
402		company:06543682
403		company:07103919
404		company:07035041
405		company:07211219
406		company:07599308
407		company:07002160
408		company:07348231
409		company:07191874
410		company:06741989
411		company:07194412
412		company:06397195
413		company:07208598
414		company:07209122
415		company:07035327
416		company:07346144
417		company:07349394
418		company:08085503
419		company:09320523
420		company:08144578
421		company:07006159
422		company:07134810
423		company:08075785
424		company:07451553
425		company:07338780
426		company:07278887
427		company:08179349
428		company:07977940
429		company:07310176
430		company:07852059
431		company:07333133
432		company:07346826
433		company:07342848
434		company:07344732
435		company:07341583
436		company:07347930
437		company:07333089
438		company:07345215
439		company:07324340
440		company:07348288
441		company:07345756
442		company:07344747
443		company:07339625
444		company:07352123
445		company:07348329
446		company:07355559
447		company:07343156
448		company:07338835
449		company:07345831
450		company:07348254
451		company:07351253
452		company:07353824
453		company:07338767
454		company:07351053
455		company:07341553
456		company:07341523
457		company:07344277
458		company:07335020
459		company:07338707
460		company:07333885
461		company:08304460
462		company:07361021
463		company:07345430
464		company:07380068
465		company:07348116
466		company:07331954
467		company:07398941
468		company:07375627
469		company:07407844
470		company:07365778
471		company:07394649
472		company:07384643
473		company:07388635
474		company:07400940
475		company:07401373
476		company:07387540
477		company:07559901
478		company:07401748
479		company:07394671
480		company:07400386
481		company:07421140
482		company:07343725
483		company:07403352
484		company:07380398
485		company:07403361
486		company:07416734
487		company:07372222
488		company:07372160
489		company:07330691
490		company:07379768
491		company:07398467
492		company:07401701
493		company:07403271
494		company:07363875
495		company:07404747
496		company:07345776
497		company:07359630
498		company:07414011
499		company:07431423
500		company:07368292
501		company:07330058
502		company:07416211
503		company:07369704
504		company:07318714
505		company:07393519
506		company:07437149
507		company:07438425
508		company:07419660
509		company:07406122
510		company:07430289
511		company:07430317
512		company:07453918
513		company:07432995
514		company:08364709
515		company:07445493
516		company:07461209
517		company:07455732
518		company:07466409
519		company:07465343
520		company:07411759
521		company:07458631
522		company:07386228
523		company:07425374
524		company:07452782
525		company:07441463
526		company:07455452
527		company:07459742
528		company:08961355
529		company:07465520
530		company:07451781
531		company:07447459
532		company:07452837
533		company:07461173
534		company:07451741
535		company:07465701
536		company:07441370
537		company:07462885
538		company:07458484
539		company:07447497
540		company:07464058
541		company:07465249
542		company:07185046
543		company:07348167
544		company:07466889
545		company:07472190
546		company:07445392
547		company:07470621
548		company:07442789
549		company:07900244
550		company:07469546
551		company:07467445
552		company:07455728
553		company:07445586
554		company:07451811
555		company:07462530
556		company:06477646
557		company:07481145
558		company:07477728
559		company:07482650
560		company:07485584
561		company:07487455
562		company:07498234
563		company:07494754
564		company:07475515
565		company:07492094
566		company:07492165
567		company:08469218
568		company:07477947
569		company:07451660
570		company:07483163
571		company:07484717
572		company:07472736
573		company:07490390
574		company:07484308
575		company:07491945
576		company:07520128
577		company:07498923
578		company:07525735
579		company:07527090
580		company:07527108
581		company:07512962
582		company:07500018
583		company:07495541
584		company:07489113
585		company:07489127
586		company:07466353
587		company:07488870
588		company:07495165
589		company:07492198
590		company:07504871
591		company:07521946
592		company:07525820
593		company:07535683
594		company:07527304
595		company:07533362
596		company:07530497
597		company:07519888
598		company:07518252
599		company:07523546
600		company:07523507
601		company:07538380
602		company:07517121
603		company:07525856
604		company:07539918
605		company:07654346
606		company:07524069
607		company:07494620
608		company:07546118
609		company:07521640
610		company:07553596
611		company:07548791
612		company:07557791
613		company:07551986
614		company:07536795
615		company:07559818
616		company:07548794
617		company:07551989
618		company:07533271
619		company:07472799
620		company:07524811
621		company:07530418
622		company:07545019
623		company:07552631
624		company:07552535
625		company:07551088
626		company:07551959
627		company:07543202
628		company:07557670
629		company:07554121
630		company:07556185
631		company:07559170
632		company:07563116
633		company:07566298
634		company:07570395
635		company:07559537
636		company:07554396
637		company:07559439
638		company:07563387
639		company:07552598
640		company:07563436
641		company:07557883
642		company:07557785
643		company:07533308
644		company:07559285
645		company:07691947
646		company:07561217
647		company:07561268
648		company:07566436
649		company:07566455
650		company:07561204
651		company:07542114
652		company:07557657
653		company:07557886
654		company:07558466
655		company:07552665
656		company:07557817
657		company:07565242
658		company:07536911
659		company:07542166
660		company:07566198
661		company:07559293
662		company:07489196
663		company:07561574
664		company:07552498
665		company:07559256
666		company:07552058
667		company:07553717
668		company:07515832
669		company:07556657
670		company:07523506
671		company:07563329
672		company:07564777
673		company:07567230
674		company:07511610
675		company:07521636
676		company:07559238
677		company:07535379
678		company:07547060
679		company:07557900
680		company:07566505
681		company:07542155
682		company:07566986
683		company:07552735
684		company:07563361
685		company:07555066
686		company:07552786
687		company:07523557
688		company:07534901
689		company:07550425
690		company:07554085
691		company:07556117
692		company:07525178
693		company:07538459
694		company:07538389
695		company:07559610
696		company:07523436
697		company:07501579
698		company:07544974
699		company:07536970
700		company:07485466
701		company:07550474
702		company:07664012
703		company:07540256
704		company:07557634
705		company:07539214
706		company:07530373
707		company:07556159
708		company:07557894
709		company:07570315
710		company:07556236
711		company:07547039
712		company:07560177
713		company:07557831
714		company:07548754
715		company:07564519
716		company:07547023
717		company:07560175
718		company:07561488
719		company:07563345
720		company:07535642
721		company:07563213
722		company:07523884
723		company:07562194
724		company:07543874
725		company:07548734
726		company:07565088
727		company:07546874
728		company:07531756
729		company:07554117
730		company:07538467
731		company:07557868
732		company:07552519
733		company:07552702
734		company:07566835
735		company:07566528
736		company:07573614
737		company:07569727
738		company:08743560
739		company:07553531
740		company:07531811
741		company:07538730
742		company:07542211
743		company:07561306
744		company:07540236
745		company:07491215
746		company:07543834
747		company:07547393
748		company:07560660
749		company:07521584
750		company:07564749
751		company:07272906
752		company:07559614
753		company:07588418
754		company:07493622
755		company:07533254
756		company:07546141
757		company:07612865
758		company:07562918
759		company:07532146
760		company:07604183
761		company:07577113
762		company:07596997
763		company:07545681
764		company:07597324
765		company:07597390
766		company:07524244
767		company:07586346
768		company:07584611
769		company:07596422
770		company:07592309
771		company:07595434
772		company:07588464
773		company:07584063
774		company:07606250
775		company:07601846
776		company:07597686
777		company:07591948
778		company:07601680
779		company:07469330
780		company:07195175
781		company:07493696
782		company:07627110
783		company:07226557
784		company:07628943
785		company:07578861
786		company:08782544
787		company:07606026
788		company:07631213
789		company:07606409
790		company:07621395
791		company:07625308
792		company:07623418
793		company:07588104
794		company:07638979
795		company:07638999
796		company:07633215
797		company:07611347
798		company:07630164
799		company:07618351
800		company:07611345
801		company:07543893
802		company:07614421
803		company:07638417
804		company:07625556
805		company:07605059
806		company:07348580
807		company:07635527
808		company:07588097
809		company:07610791
810		company:07633715
811		company:07628903
812		company:07627961
813		company:07534695
814		company:08098956
815		company:07622171
816		company:07629129
817		company:07626526
818		company:07635770
819		company:07627302
820		company:07635432
821		company:07633694
822		company:07631985
823		company:07451568
824		company:07313138
825		company:07408229
826		company:07452885
827		company:07656715
828		company:07657277
829		company:07670723
830		company:07626956
831		company:07652476
832		company:07597068
833		company:07667407
834		company:07658688
835		company:07664322
836		company:07657806
837		company:07657794
838		company:07664284
839		company:07663689
840		company:07611275
841		company:07657307
842		company:07633357
843		company:07641618
844		company:07662809
845		company:07666111
846		company:07660968
847		company:07654298
848		company:07660971
849		company:07660783
850		company:07610916
851		company:07481956
852		company:08187216
853		company:07633379
854		company:07659069
855		company:07660247
856		company:07666213
857		company:07663795
858		company:07654628
859		company:07540802
860		company:07540811
861		company:07821367
862		company:07633375
863		company:07657605
864		company:07657923
865		company:07657741
866		company:07638800
867		company:07660159
868		company:07650609
869		company:07635510
870		company:07655662
871		company:07661205
872		company:07652964
873		company:07662289
874		company:07655651
875		company:07538386
876		company:07654219
877		company:07669035
878		company:07665396
879		company:07652902
880		company:07628909
881		company:07634426
882		company:07682284
883		company:07668923
884		company:07654237
885		company:07657910
886		company:07652792
887		company:07664288
888		company:07657852
889		company:07652306
890		company:07662765
891		company:07671404
892		company:07671949
893		company:07664297
894		company:07662023
895		company:07663864
896		company:07649091
897		company:07669416
898		company:07661164
899		company:07654164
900		company:07547311
901		company:07569743
902		company:07665387
903		company:07669314
904		company:07635098
905		company:07645774
906		company:07657731
907		company:07665225
908		company:07657751
909		company:07656245
910		company:07553984
911		company:07643712
912		company:07677510
913		company:07665364
914		company:07649832
915		company:07666185
916		company:07506598
917		company:07694050
918		company:07556132
919		company:07471707
920		company:07246113
921		company:06832416
922		company:07463031
923		company:07736425
924		company:07680513
925		company:07694080
926		company:07680770
927		company:07702211
928		company:07697587
929		company:07700317
930		company:07690054
931		company:07691820
932		company:07671637
933		company:07696114
934		company:07683660
935		company:07681739
936		company:07694044
937		company:07709270
938		company:07698914
939		company:07695458
940		company:07660690
941		company:07694399
942		company:07695916
943		company:07710532
944		company:07680422
945		company:07696999
946		company:07696905
947		company:07696728
948		company:07697002
949		company:07698974
950		company:07694641
951		company:07730920
952		company:07633705
953		company:07699775
954		company:07697600
955		company:07660995
956		company:07703784
957		company:07687619
958		company:07688240
959		company:07703931
960		company:07678864
961		company:07698578
962		company:07689749
963		company:07687722
964		company:07646836
965		company:07686458
966		company:07687897
967		company:07697400
968		company:07693853
969		company:07687663
970		company:07867577
971		company:07703829
972		company:07635467
973		company:07700494
974		company:07687474
975		company:07686515
976		company:07413883
977		company:07694358
978		company:07697027
979		company:07698718
980		company:07697698
981		company:07698504
982		company:07690023
983		company:07684902
984		company:07681226
985		company:07696498
986		company:07698658
987		company:07696921
988		company:07698296
989		company:07691324
990		company:07705552
991		company:07690473
992		company:07690125
993		company:07687135
994		company:07693827
995		company:07659444
996		company:07656224
997		company:07656265
998		company:07656262
999		company:07676490
1000		company:07656363
1001		company:07692668
1002		company:07670511
1003		company:07694547
1004		company:07647327
1005		company:07655702
1006		company:07673903
1007		company:07682294
1008		company:07696069
1009		company:07698410
1010		company:07694563
1011		company:07698037
1012		company:07700838
1013		company:07698904
1014		company:07669263
1015		company:07672441
1016		company:07597883
1017		company:07943613
1018		company:07698731
1019		company:07671255
1020		company:07681857
1021		company:07697045
1022		company:07689613
1023		company:07683702
1024		company:07677142
1025		company:07696148
1026		company:07698789
1027		company:07697798
1028		company:07696155
1029		company:07638756
1030		company:07694228
1031		company:07697482
1032		company:07692440
1033		company:07700362
1034		company:07697044
1035		company:07707979
1036		company:07685923
1037		company:07617529
1038		company:07690414
1039		company:07701920
1040		company:07698506
1041		company:07715613
1042		company:07673871
1043		company:07695624
1044		company:07657427
1045		company:07685645
1046		company:07687235
1047		company:07692130
1048		company:07706667
1049		company:07695364
1050		company:07700556
1051		company:07692339
1052		company:07717015
1053		company:07693860
1054		company:07697356
1055		company:07713512
1056		company:07699705
1057		company:07695684
1058		company:07672980
1059		company:07698875
1060		company:07705259
1061		company:07687709
1062		company:07690250
1063		company:07663935
1064		company:07674473
1065		company:07709271
1066		company:07697658
1067		company:07688230
1068		company:07701954
1069		company:07679051
1070		company:07697086
1071		company:07667168
1072		company:07697367
1073		company:07700776
1074		company:07972029
1075		company:07708713
1076		company:07692325
1077		company:07633402
1078		company:07677838
1079		company:07704020
1080		company:07693574
1081		company:07706900
1082		company:07704968
1083		company:07685796
1084		company:07700206
1085		company:07675238
1086		company:07695736
1087		company:07700251
1088		company:07698978
1089		company:07695401
1090		company:07700773
1091		company:07695709
1092		company:07693936
1093		company:07024902
1094		company:07704001
1095		company:07703941
1096		company:07689986
1097		company:07682819
1098		company:07685652
1099		company:07706741
1100		company:07697504
1101		company:07690119
1102		company:07702119
1103		company:07687178
1104		company:07694362
1105		company:07705438
1106		company:07664348
1107		company:07690395
1108		company:07646748
1109		company:07584372
1110		company:07649769
1111		company:07654882
1112		company:07654273
1113		company:07820566
1114		company:07705100
1115		company:07683980
1116		company:07671174
1117		company:07693309
1118		company:07693365
1119		company:07672683
1120		company:07686390
1121		company:07682993
1122		company:07694530
1123		company:07681811
1124		company:07698859
1125		company:07695977
1126		company:07695796
1127		company:07700728
1128		company:07692638
1129		company:07682311
1130		company:07698197
1131		company:07687770
1132		company:07654902
1133		company:07687583
1134		company:07678672
1135		company:07693743
1136		company:07695172
1137		company:07646003
1138		company:07690776
1139		company:07686145
1140		company:07697070
1141		company:07697483
1142		company:07694325
1143		company:07695505
1144		company:07697158
1145		company:07682300
1146		company:07711826
1147		company:07686371
1148		company:07687947
1149		company:07702046
1150		company:07681848
1151		company:07682332
1152		company:07698461
1153		company:07698631
1154		company:07680823
1155		company:07697618
1156		company:07700611
1157		company:07705878
1158		company:07662414
1159		company:07696117
1160		company:07633408
1161		company:07693870
1162		company:07686578
1163		company:07694023
1164		company:07697067
1165		company:07691867
1166		company:07698406
1167		company:07693715
1168		company:07697132
1169		company:07594562
1170		company:07718351
1171		company:07647805
1172		company:07700909
1173		company:07706776
1174		company:07724780
1175		company:07723151
1176		company:07697117
1177		company:07695771
1178		company:07719857
1179		company:07714121
1180		company:07713345
1181		company:07712850
1182		company:07672781
1183		company:07695504
1184		company:07705465
1185		company:07718002
1186		company:07732889
1187		company:07696173
1188		company:07718480
1189		company:07713540
1190		company:07703797
1191		company:07665828
1192		company:07699625
1193		company:07716057
1194		company:07696989
1195		company:07716911
1196		company:07697023
1197		company:07698729
1198		company:07692394
1199		company:07703800
1200		company:07662709
1201		company:07471734
1202		company:07705402
1203		company:07721594
1204		company:07733196
1205		company:07740632
1206		company:07719076
1207		company:07718680
1208		company:07717189
1209		company:07706760
1210		company:07662135
1211		company:07686209
1212		company:07721932
1213		company:07744525
1214		company:07712946
1215		company:07730938
1216		company:07739194
1217		company:07697177
1218		company:07715667
1219		company:07729878
1220		company:07719620
1221		company:07734360
1222		company:07743646
1223		company:07680339
1224		company:07727786
1225		company:07693338
1226		company:07729766
1227		company:07697281
1228		company:07668839
1229		company:07714867
1230		company:07712779
1231		company:07728828
1232		company:07671440
1233		company:07654127
1234		company:07697485
1235		company:07962974
1236		company:07734205
1237		company:07712579
1238		company:07727826
1239		company:07695342
1240		company:07736524
1241		company:07740516
1242		company:07735863
1243		company:07720181
1244		company:07727974
1245		company:07713287
1246		company:07695544
1247		company:07714167
1248		company:07710807
1249		company:07673775
1250		company:07733200
1251		company:07731186
1252		company:07732879
1253		company:07685660
1254		company:07705363
1255		company:07689980
1256		company:07725629
1257		company:07726649
1258		company:07726907
1259		company:07671486
1260		company:07723349
1261		company:07724916
1262		company:07728940
1263		company:07743523
1264		company:07709421
1265		company:07743627
1266		company:07726858
1267		company:07737159
1268		company:07733363
1269		company:07731277
1270		company:07728029
1271		company:07728054
1272		company:07654130
1273		company:07732537
1274		company:07733864
1275		company:07803969
1276		company:07728265
1277	Priory School	
1278		company:07740815
1279		company:07706726
1280		company:07724342
1281		company:07736180
1282		company:07645519
1283		company:07732888
1284		company:08452281
1285		company:07698419
1286		company:08296921
1287		company:07737429
1288		company:07736246
1289		company:07732027
1290		company:07733109
1291		company:07711928
1292		company:07710870
1293		company:07669751
1294		company:07745881
1295		company:07717215
1296		company:07703865
1297		company:07730940
1298		company:07715043
1299		company:07729412
1300		company:07739514
1301		company:07725111
1302		company:07720110
1303		company:08767870
1304		company:07721470
1305		company:07716479
1306		company:07738386
1307		company:07713374
1308		company:07750051
1309		company:07736212
1310		company:07721109
1311		company:07698469
1312		company:07711925
1313		company:07732319
1314		company:07734231
1315		company:08149299
1316		company:07724160
1317		company:07726568
1318		company:07736448
1319		company:07719938
1320		company:07509409
1321		company:03143086
1322		company:06486255
1323		company:07522245
1324		company:07728112
1325		company:01902341
1326		company:07736095
1327		company:07756219
1328		company:07754698
1329		company:07761675
1330		company:07755713
1331		company:07769026
1332		company:07770592
1333		company:07763421
1334		company:07727564
1335		company:07767222
1336		company:07762548
1337		company:07740758
1338		company:07746787
1339		company:07708890
1340		company:07759302
1341		company:07732559
1342		company:07760509
1343		company:08128513
1344		company:07788628
1345		company:07751232
1346		company:07706488
1347		company:07761713
1348		company:07737398
1349		company:07772327
1350		company:07769085
1351		company:07745167
1352		company:07648968
1353		company:07772516
1354		company:07728482
1355		company:07770970
1356		company:07778406
1357		company:07747149
1358		company:07697481
1359		company:07717482
1360		company:07738801
1361		company:07768645
1362		company:07769232
1363		company:07737302
1364		company:07774109
1365		company:07559187
1366		company:08187058
1367		company:07768726
1368		company:07807248
1369		company:07788995
1370		company:07811354
1371		company:07796829
1372		company:07795736
1373		company:07790934
1374		company:07738845
1375		company:07799872
1376		company:07722445
1377		company:07801612
1378		company:07807811
1379		company:07808707
1380		company:07770687
1381		company:07816548
1382		company:07807158
1383		company:07807291
1384		company:07808705
1385		company:07796947
1386		company:07798639
1387		company:07808765
1388		company:07800153
1389		company:07808732
1390		company:07817746
1391		company:07800306
1392		company:07807218
1393		company:07798550
1394		company:07800431
1395		company:07804282
1396		company:07799811
1397		company:07773693
1398		company:07796938
1399		company:07798183
1400		company:07791971
1401		company:07708603
1402		company:07652661
1403		company:07770605
1404		company:07819870
1405		company:07805262
1406		company:07803827
1407		company:07802563
1408		company:07807398
1409		company:07785550
1410		company:07729759
1411		company:07695881
1412		company:07804043
1413		company:07803743
1414		company:07800252
1415		company:07641004
1416		company:07794825
1417		company:07831395
1418		company:07838151
1419		company:07694573
1420		company:07797058
1421		company:07824714
1422		company:07831414
1423		company:07819872
1424		company:07840925
1425		company:07845283
1426		company:07835788
1427		company:07803789
1428		company:07843166
1429		company:07831255
1430		company:07837770
1431		company:07845627
1432		company:07848566
1433		company:08175471
1434		company:07672607
1435		company:07835950
1436		company:07840838
1437		company:07831080
1438		company:07817806
1439		company:07841414
1440		company:07841435
1441		company:07899845
1442		company:07846848
1443		company:07800664
1444		company:07800029
1445		company:07827368
1446		company:07850551
1447		company:07851471
1448		company:07825856
1449		company:07844795
1450		company:07818029
1451		company:07851205
1452		company:07794423
1453		company:07834715
1454		company:07814065
1455		company:07814150
1456		company:07851097
1457		company:07831292
1458		company:07838203
1459		company:07840060
1460		company:07844791
1461		company:07843573
1462		company:09299975
1463		company:07851337
1464		company:07831507
1465		company:07840804
1466		company:07772345
1467		company:07835845
1468		company:07848632
1469		company:07827747
1470		company:07846823
1471		company:07825848
1472		company:07848338
1473		company:07849858
1474		company:07848372
1475		company:07844587
1476		company:07848367
1477		company:07837778
1478		company:07844874
1479		company:07847454
1480		company:07849654
1481		company:07852122
1482		company:07824369
1483		company:07805677
1484		company:07851937
1485		company:07856680
1486		company:07849731
1487		company:07834711
1488		company:07817708
1489		company:07850292
1490		company:07777372
1491		company:07848445
1492		company:07875164
1493		company:07819429
1494		company:07827591
1495		company:07878966
1496		company:07809637
1497		company:07865663
1498		company:07842369
1499		company:07769103
1500		company:07847190
1501		company:07806338
1502		company:07899393
1503		company:07865850
1504		company:07877078
1505		company:07892678
1506		company:07909140
1507		company:07897108
1508		company:07898331
1509		company:07900248
1510		company:07899198
1511		company:07882159
1512		company:07849180
1513		company:07909371
1514		company:07872725
1515		company:07902880
1516		company:07885568
1517		company:07907463
1518		company:07719016
1519		company:08120960
1520		company:07900439
1521		company:07905433
1522		company:07902662
1523		company:07887259
1524		company:07900532
1525		company:07890590
1526		company:07897243
1527		company:07836684
1528		company:07886416
1529		company:07907633
1530		company:07891230
1531		company:07892732
1532		company:07727695
1533		company:07895684
1534		company:07982966
1535		company:07883174
1536		company:07917752
1537		company:07847021
1538		company:07907388
1539		company:07834300
1540		company:08538844
1541		company:07898905
1542		company:07900254
1543		company:07798627
1544		company:07872799
1545		company:07890769
1546		company:07944160
1547		company:07939260
1548		company:07901900
1549		company:07950949
1550		company:07939747
1551		company:07918561
1552		company:07921744
1553		company:07935515
1554		company:07928558
1555		company:07695419
1556		company:07931627
1557		company:07944253
1558		company:07954211
1559		company:07937154
1560		company:07951293
1561		company:07949111
1562		company:07913261
1563		company:07943555
1564		company:07914400
1565		company:07950827
1566		company:07776910
1567		company:07943378
1568		company:07939655
1569		company:07931886
1570		company:07954417
1571		company:07947961
1572		company:07941524
1573		company:07933810
1574		company:07947381
1575		company:07887953
1576		company:07950851
1577		company:07952451
1578		company:07937317
1579		company:07941899
1580		company:07937266
1581		company:07916763
1582		company:07941140
1583		company:07929429
1584		company:07867334
1585		company:07962216
1586		company:07668955
1587		company:07908404
1588		company:07917745
1589		company:07912930
1590		company:07883446
1591		company:07881889
1592		company:07928028
1593		company:07946986
1594		company:07976516
1595		company:07937939
1596		company:07967402
1597		company:07966182
1598		company:07992440
1599		company:07984125
1600		company:07974098
1601		company:07984073
1602		company:07966187
1603		company:07992372
1604		company:07992438
1605		company:07966500
1606		company:07973327
1607		company:07987596
1608		company:07983995
1609		company:07984843
1610		company:07980335
1611		company:07971651
1612		company:07971665
1613		company:07977442
1614		company:07959980
1615		company:07988521
1616		company:07975551
1617		company:07990029
1618		company:07998451
1619		company:07988495
1620		company:07986921
1621		company:07988497
1622		company:07986090
1623		company:07977368
1624		company:08056907
1625		company:07988540
1626		company:07984221
1627		company:07984413
1628		company:07883254
1629		company:07977150
1630		company:07986805
1631		company:09583593
1632		company:07988376
1633		company:07973953
1634		company:07992899
1635		company:07990655
1636		company:07890613
1637		company:07999942
1638		company:07994219
1639		company:07999988
1640		company:07984453
1641		company:07959096
1642		company:07996350
1643		company:07984238
1644		company:07923329
1645		company:07982740
1646		company:07969062
1647		company:07887796
1648		company:07974434
1649		company:07988355
1650		company:07943227
1651		company:07994514
1652		company:07954363
1653		company:07982312
1654		company:07991877
1655		company:07989226
1656		company:08003969
1657		company:07972070
1658		company:07973980
1659		company:07965316
1660		company:07992842
1661		company:08006711
1662		company:07968898
1663		company:07718539
1664		company:07998122
1665		company:07994012
1666		company:07827237
1667		company:07949154
1668		company:07930349
1669		company:07978124
1670		company:07697171
1671		company:07990434
1672		company:07964360
1673		company:07987239
1674		company:07976179
1675		company:07976019
1676		company:07926573
1677		company:08003909
1678		company:08258994
1679		company:07748248
1680		company:07988444
1681		company:08021855
1682		company:08025958
1683		company:08020070
1684		company:08028084
1685		company:08024353
1686		company:08028789
1687		company:08045401
1688		company:08010464
1689		company:07990619
1690		company:08020467
1691		company:08032410
1692		company:07736364
1693		company:07964133
1694		company:08043695
1695		company:08027943
1696		company:09791051
1697		company:08026134
1698		company:08027879
1699		company:07982516
1700		company:08024396
1701		company:07827963
1702		company:07875747
1703		company:07749786
1704		company:08041135
1705		company:08038063
1706		company:08059055
1707		company:07986218
1708		company:08034402
1709		company:08054506
1710		company:08023322
1711		company:08071851
1712		company:08036395
1713		company:08047328
1714		company:08066451
1715		company:08029445
1716		company:08068528
1717		company:08066279
1718		company:08073873
1719		company:08039629
1720		company:08080096
1721		company:08062065
1722		company:08049033
1723		company:08066610
1724		company:08027205
1725		company:07994038
1726		company:08058921
1727		company:08027885
1728		company:08002543
1729		company:08028387
1730		company:08021829
1731		company:08059041
1732		company:08053276
1733		company:08056328
1734		company:08066324
1735		company:08060671
1736		company:07648389
1737		company:07635438
1738		company:07651573
1739		company:07648654
1740		company:07412515
1741		company:07829616
1742		company:08028375
1743		company:07929335
1744		company:08039319
1745		company:08006892
1746		company:08060721
1747		company:08063683
1748		company:08063334
1749		company:09299605
1750		company:08033193
1751		company:08064698
1752		company:07838126
1753		company:08049062
1754		company:07353849
1755		company:08061075
1756		company:07166427
1757		company:07791933
1758		company:07643477
1759		company:07337888
1760		company:07644208
1761		company:07885963
1762		company:08096798
1763		company:07638748
1764		company:07432586
1765		company:07919427
1766		company:07575016
1767		company:07640769
1768		company:07413872
1769		company:08111431
1770		company:07649385
1771		company:07217174
1772		company:07722672
1773		company:07634106
1774		company:07640198
1775		company:07649335
1776		company:07643890
1777		company:08077362
1778		company:08062508
1779		company:07972037
1780		company:08105941
1781		company:08099606
1782		company:08104080
1783		company:08104190
1784		company:08062622
1785		company:08082185
1786		company:08106388
1787		company:08097265
1788		company:08090890
1789		company:08087508
1790		company:08100149
1791		company:08105758
1792		company:08055393
1793		company:09042916
1794		company:08084557
1795		company:08111345
1796		company:08100409
1797		company:08099098
1798		company:09495671
1799		company:08110847
1800		company:08082405
1801		company:08100578
1802		company:08146330
1803		company:08076310
1804		company:08089397
1805		company:08737412
1806		company:08107310
1807		company:08102628
1808		company:08095169
1809		company:08098352
1810		company:08096750
1811		company:07980317
1812		company:08083620
1813		company:08085808
1814		company:08100620
1815		company:08101591
1816		company:08089246
1817		company:08107655
1818		company:08077289
1819		company:08073889
1820		company:08104111
1821		company:08061303
1822		company:08041206
1823		company:08100518
1824		company:07652211
1825		company:08056991
1826		company:08076374
1827		company:08075363
1828		company:08092358
1829		company:08095439
1830		company:07999861
1831		company:08098354
1832		company:08096699
1833		company:07893665
1834		company:07903002
1835		company:07664278
1836		company:07591868
1837		company:08102584
1838		company:08011930
1839		company:07927423
1840		company:08107711
1841		company:07643795
1842		company:08115121
1843		company:07846852
1844		company:08116706
1845		company:08165736
1846		company:08177570
1847		company:08089704
1848		company:08153765
1849		company:08137772
1850		company:08134861
1851		company:07966826
1852		company:08130502
1853		company:08130508
1854		company:08104539
1855		company:08137421
1856		company:08125396
1857		company:08135761
1858		company:08084047
1859		company:08018275
1860		company:08018237
1861		company:08133360
1862		company:08096772
1863		company:08107212
1864		company:08130468
1865		company:08127108
1866		company:08122579
1867		company:08130302
1868		company:08135372
1869		company:08135868
1870		company:08121030
1871		company:08114513
1872		company:08117139
1873		company:08142275
1874		company:08124416
1875		company:08100344
1876		company:08124615
1877		company:08130253
1878		company:08131708
1879		company:08128214
1880		company:08104201
1881		company:08144566
1882		company:08116954
1883		company:08168307
1884		company:09353480
1885		company:08166526
1886		company:08169229
1887		company:08161468
1888		company:08004986
1889		company:08172988
1890		company:08138965
1891		company:08061092
1892		company:08085993
1893		company:08137363
1894		company:08162613
1895		company:08142572
1896		company:08098007
1897		company:08135389
1898		company:08137451
1899		company:08135122
1900		company:08130158
1901		company:08132067
1902		company:08158718
1903		company:08148546
1904		company:08094234
1905		company:08161246
1906		company:08128432
1907		company:08120037
1908		company:08018146
1909		company:08133686
1910		company:08123168
1911		company:07933749
1912		company:08133047
1913		company:07845470
1914		company:07746561
1915		company:07896123
1916		company:07735646
1917		company:08270151
1918		company:08168245
1919		company:09630999
1920		company:07649122
1921		company:05530130
1922		company:08132137
1923		company:07793458
1924		company:08179242
1925		company:07904096
1926		company:08291666
1927		company:08329993
1928		company:08149829
1929		company:08137486
1930		company:08156535
1931		company:08147330
1932		company:08146138
1933		company:08163458
1934		company:08163424
1935		company:08137701
1936		company:08152109
1937		company:08128803
1938		company:08165319
1939		company:08132338
1940		company:08155184
1941		company:08146633
1942		company:08177657
1943		company:08152049
1944		company:08158400
1945		company:08133601
1946		company:08158582
1947		company:08171632
1948		company:08132353
1949		company:08068464
1950		company:08163445
1951		company:08139885
1952		company:08151355
1953		company:08133675
1954		company:08163457
1955		company:08166270
1956		company:08158619
1957		company:08140768
1958		company:08151601
1959		company:08164849
1960		company:08088957
1961		company:08165744
1962		company:08168042
1963		company:08053288
1964		company:08120128
1965		company:08149765
1966		company:08146452
1967		company:08158232
1968		company:08151281
1969		company:08156927
1970		company:08163448
1971		company:08160225
1972		company:08175402
1973		company:08154932
1974		company:08180623
1975		company:08190187
1976		company:08163191
1977		company:08161745
1978		company:08135633
1979		company:08171341
1980		company:08179498
1981		company:08146396
1982		company:08144490
1983		company:08173271
1984		company:08166938
1985		company:08131158
1986		company:08140850
1987		company:08175642
1988		company:08176968
1989		company:08082204
1990		company:08164889
1991		company:08139427
1992		company:08144135
1993		company:08161921
1994		company:08123602
1995		company:08167333
1996		company:08153776
1997		company:08036151
1998		company:08135574
1999		company:08146661
2000		company:08153550
2001		company:08171068
2002		company:08135395
2003		company:08187197
2004		company:08183461
2005		company:08144271
2006		company:08151859
2007		company:08168813
2008		company:08163499
2009		company:08108086
2010		company:08126953
2011		company:08178033
2012		company:08144420
2013		company:08153177
2014		company:07992852
2015		company:08141618
2016		company:08158309
2017		company:08169622
2018		company:08149761
2019		company:08169571
2020		company:08142724
2021		company:08132405
2022		company:08163433
2023		company:08174462
2024		company:08143249
2025		company:07665550
2026		company:07970052
2027		company:08156759
2028		company:08246275
2029		company:08197381
2030		company:08168510
2031		company:08181149
2032		company:08168237
2033		company:08177181
2034		company:08197353
2035		company:08192900
2036		company:08201675
2037		company:08210494
2038		company:08194349
2039		company:08172647
2040		company:08165692
2041		company:08203218
2042		company:08158225
2043		company:08199843
2044		company:08208767
2045		company:08185432
2046		company:08221351
2047		company:08180450
2048		company:08181927
2049		company:08198980
2050		company:08182289
2051		company:08140747
2052		company:08195720
2053		company:08126868
2054		company:08212425
2055		company:08205021
2056		company:07913309
2057		company:08204075
2058		company:08208522
2059		company:08119703
2060		company:08149796
2061		company:08210739
2062		company:08224216
2063		company:08188507
2064		company:08221228
2065		company:08181858
2066		company:08210466
2067		company:08160433
2068		company:08212263
2069		company:08172888
2070		company:07775671
2071		company:08203318
2072		company:08196566
2073		company:07848783
2074		company:08255653
2075		company:08240680
2076		company:09148479
2077		company:08242198
2078		company:08237106
2079		company:08234858
2080		company:08245853
2081		company:08182064
2082		company:08233527
2083		company:08259654
2084		company:08150822
2085		company:08237807
2086		company:08219443
2087		company:08210410
2088		company:08248173
2089		company:08249250
2090		company:07964015
2091		company:08090074
2092		company:08248063
2093		company:08228024
2094		company:08248059
2095		company:08183463
2096		company:08242856
2097		company:08235194
2098		company:08246313
2099		company:08231964
2100		company:08261780
2101		company:08231721
2102		company:08248966
2103		company:08253770
2104		company:08249992
2105		company:08214798
2106		company:08133703
2107		company:08172039
2108		company:08208801
2109		company:08240918
2110		company:08073959
2111		company:08160195
2112		company:08160034
2113		company:08247528
2114		company:08270802
2115		company:08190591
2116		company:08022455
2117		company:08304433
2118		company:08255492
2119		company:08277622
2120		company:08291623
2121		company:08281046
2122		company:08284164
2123		company:08252316
2124		company:08269066
2125		company:08278118
2126		company:08260020
2127		company:08240864
2128		company:08284371
2129		company:08271760
2130		company:08188239
2131		company:08282041
2132		company:08296540
2133		company:08296506
2134		company:08286418
2135		company:08072758
2136		company:08309965
2137		company:08263591
2138		company:08221088
2139		company:08340120
2140		company:08255683
2141		company:07817737
2142		company:08269215
2143		company:08286030
2144		company:08249884
2145		company:08270314
2146		company:08295240
2147		company:08282834
2148		company:08265058
2149		company:08273802
2150		company:08287012
2151		company:08249779
2152		company:08239056
2153		company:08272256
2154		company:08291492
2155		company:08276210
2156		company:08299166
2157		company:07657235
2158		company:08313162
2159		company:08328369
2160		company:08309048
2161		company:08356745
2162		company:08310900
2163		company:08307881
2164		company:08314283
2165		company:08305764
2166		company:08296889
2167		company:08332696
2168		company:08319810
2169		company:08311200
2170		company:08321679
2171		company:08327233
2172		company:08322915
2173		company:07723861
2174		company:08313108
2175		company:08330173
2176		company:08286295
2177		company:08150106
2178		company:08316633
2179		company:08322127
2180		company:08316719
2181		company:08326476
2182		company:08314293
2183		company:08310027
2184		company:08318511
2185		company:08322813
2186		company:08333159
2187		company:08289609
2188		company:08182235
2189		company:08322707
2190		company:08316327
2191		company:08270275
2192		company:08326570
2193		company:08321824
2194		company:08314056
2195		company:08326579
2196		company:08225755
2197		company:08310825
2198		company:08319098
2199		company:09692191
2200		company:08314146
2201		company:07793019
2202		company:08324412
2203		company:08303773
2204		company:08138372
2205		company:08298534
2206		company:08231006
2207		company:08207095
2208		company:08671076
2209		company:08320065
2210		company:08310694
2211		company:08407961
2212		company:06346630
2213		company:07745424
2213		company:08643881
2214		company:08574692
2215		company:08544741
2216		company:08438964
2217		company:07667999
2218		company:08509022
2219		company:07652565
2220		company:08528914
2221		company:08335073
2222		company:08293293
2223		company:08355037
2224		company:08353034
2225		company:08330578
2226		company:08360915
2227		company:08321599
2228		company:08331385
2229		company:08354009
2230		company:08358124
2231		company:08319686
2232		company:08359889
2233		company:08261114
2234		company:08368979
2235		company:08357352
2236		company:08337745
2237		company:08347877
2238		company:08352159
2239		company:08347874
2240		company:08334718
2241		company:08333208
2242		company:08354212
2243		company:08351355
2244		company:08357097
2245		company:08366005
2246		company:08359584
2247		company:08156641
2248		company:08395421
2249		company:08385139
2250		company:08383047
2251		company:08391101
2252		company:08375925
2253		company:08384805
2254		company:08397975
2255		company:08379788
2256		company:08379733
2257		company:08399801
2258		company:08071176
2259		company:08403703
2260		company:08148675
2261		company:08399769
2262		company:08398143
2263		company:08387242
2264		company:08257392
2265		company:08278808
2266		company:08303681
2267		company:08285812
2268		company:07637061
2269		company:08397744
2270		company:07613612
2271		company:08203228
2272		company:08407989
2273		company:08422015
2274		company:08438686
2275		company:08174233
2276		company:08432486
2277		company:07948348
2278		company:07950891
2279		company:07906423
2280		company:08619729
2281		company:07956455
2282		company:07645326
2283		company:08353051
2284		company:07648803
2285		company:08526973
2286		company:09035788
2287		company:08423518
2288		company:08423539
2289		company:08424090
2290		company:08414933
2291		company:08403949
2292		company:08436371
2293		company:08434359
2294		company:08444133
2295		company:08447216
2296		company:08425359
2297		company:08405075
2298		company:08439425
2299		company:08440868
2300		company:08437300
2301		company:08407889
2302		company:08441554
2303		company:08441736
2304		company:08446789
2305		company:08441458
2306		company:08425914
2307		company:08432565
2308		company:08425918
2309		company:08391057
2310		company:08287618
2311		company:08008193
2312		company:08453966
2313		company:08407871
2314		company:08432347
2315		company:08436037
2316		company:08418435
2317		company:08432234
2318		company:08364273
2319		company:08204680
2320		company:08441848
2321		company:08286818
2322		company:08444770
2323		company:08439184
2324		company:08447546
2325		company:09017776
2326		company:08424154
2327		company:08382383
2328		company:08445158
2329		company:08422944
2330		company:08438991
2331		company:08240619
2332		company:08411590
2333		company:08425513
2334		company:08370592
2335		company:08395383
2336		company:08542806
2337		company:08353730
2338		company:08462151
2339		company:08248830
2340		company:08434113
2341		company:08410002
2342		company:08434199
2343		company:08434141
2344		company:08434233
2345		company:07844694
2346		company:08401607
2347		company:08454781
2348		company:08442124
2349		company:08445776
2350		company:08426682
2351		company:07662701
2352		company:08445314
2353		company:08436788
2354		company:07916297
2355		company:08486531
2356		company:07949294
2357		company:07963778
2358		company:07958546
2359		company:08497028
2360		company:08561049
2361		company:07644380
2362		company:07781921
2363		company:07962246
2364		company:07952786
2365		company:07923624
2366		company:07641673
2367		company:07937849
2368		company:08270125
2369		company:08484553
2370		company:08372064
2371		company:08426360
2372		company:08472117
2373		company:08451827
2374		company:08462512
2375		company:08174123
2376		company:08476253
2377		company:07909397
2378		company:08482398
2379		company:08441991
2380		company:08466505
2381		company:08479066
2382		company:08474090
2383		company:08473899
2384		company:08432506
2385		company:08426992
2386		company:08239113
2387		company:08228379
2388		company:08623002
2389		company:08840373
2390		company:07962209
2391		company:07956691
2392		company:07311261
2393		company:07955870
2394		company:08699493
2395		company:07941664
2396		company:07874411
2397		company:07638089
2398		company:07960515
2399		company:08528776
2400		company:08545109
2401		company:08565932
2402		company:07864383
2403		company:07954683
2404		company:07649183
2405		company:07652696
2406		company:07923267
2407		company:07645462
2408		company:06846720
2409		company:08562954
2410		company:08366199
2411		company:08476149
2412		company:07954396
2413		company:07647538
2414		company:07947806
2415		company:08515862
2416		company:08510814
2417		company:08512087
2418		company:08482129
2419		company:08511781
2420		company:08418341
2421		company:08428466
2422		company:08527173
2423		company:08528845
2424		company:08512105
2425		company:08508903
2426		company:08431840
2427		company:08496781
2428		company:08517429
2429		company:08515149
2430		company:08500778
2431		company:08483768
2432		company:08516551
2433		company:08517255
2434		company:08524638
2435		company:08518704
2436		company:08472283
2437		company:08514901
2438		company:08520569
2439		company:08516562
2440		company:07647432
2441		company:07654340
2442		company:07956784
2443		company:07956473
2444		company:07960235
2445		company:07650619
2446		company:07742547
2447		company:08331922
2448		company:08285206
2449		company:07945230
2450		company:08339345
2451		company:07653051
2452		company:07952925
2453		company:08436285
2454		company:08578428
2455		company:07945060
2456		company:07962059
2457		company:08521080
2458		company:08426967
2459		company:08534233
2460		company:08550180
2461		company:08464996
2462		company:08170071
2463		company:08567252
2464		company:08565046
2465		company:08561360
2466		company:08557883
2467		company:08563159
2468		company:08540699
2469		company:08537140
2470		company:08506178
2471		company:08560721
2472		company:08565187
2473		company:08550854
2474		company:08561329
2475		company:08572815
2476		company:08520286
2477		company:08566185
2478		company:08579939
2479		company:08536774
2480		company:08572898
2481		company:08388074
2482		company:08543210
2483		company:08543748
2484		company:08559647
2485		company:08514898
2486		company:08543115
2487		company:08543217
2488		company:08561153
2489		company:08561302
2490		company:08531479
2491		company:08523370
2492		company:08220540
2493		company:07549443
2494		company:07954295
2495		company:08735454
2496		company:08478985
2497		company:08610377
2498		company:07953395
2499		company:07949213
2500		company:08644023
2501		company:08595545
2502		company:08374351
2503		company:08178309
2504		company:07930340
2505		company:08334593
2506		company:08608287
2507		company:08155088
2508		company:08604037
2509		company:07754077
2510		company:08602255
2511		company:08612100
2512		company:08563153
2513		company:08576916
2514		company:08621334
2515		company:08608665
2516		company:00198131
2517		company:08606536
2518		company:08259069
2519		company:08550403
2520		company:08586085
2521		company:08496504
2522		company:07926597
2523		company:08769073
2524		company:07959449
2525		company:08670427
2526		company:08665067
2527		company:08670599
2528		company:08603388
2529		company:08526440
2530		company:08556180
2531		company:08638158
2532		company:08368756
2533		company:08569207
2534		company:08549807
2535		company:08610504
2536		company:08488749
2537		company:08621035
2538		company:08599141
2539		company:08632733
2540		company:08587865
2541		company:08622047
2542		company:08628905
2543		company:08638766
2544		company:08314692
2545		company:08594520
2546		company:08604799
2547		company:08564471
2548		company:09476660
2549		company:08612061
2550		company:08617343
2551		company:08603078
2552		company:08597784
2553		company:08589470
2554		company:08638398
2555		company:08623229
2556		company:08634384
2557		company:08550110
2558		company:08621310
2559		company:08611863
2560		company:08597962
2561		company:08627834
2562		company:08608177
2563		company:08599777
2564		company:08339302
2565		company:08624157
2566		company:08588099
2567		company:08644320
2568		company:08591050
2569		company:08593820
2570		company:08623343
2571		company:08621160
2572		company:07898669
2573		company:08813173
2574		company:08709542
2575		company:08709656
2576		company:08786812
2577		company:08878604
2578		company:07649550
2579		company:05888220
2580		company:08232396
2581		company:07925067
2582		company:07951118
2583		company:07702460
2584		company:08334745
2585		company:08589525
2586		company:08702006
2587		company:08682513
2588		company:08674696
2589		company:08554393
2590		company:08669464
2591		company:08682863
2592		company:08640614
2593		company:08658210
2594		company:08610537
2595		company:08654591
2596		company:08657975
2597		company:08684289
2598		company:08682547
2599		company:08682479
2600		company:08678162
2601		company:08663956
2602		company:08423592
2603		company:08430135
2604		company:08290708
2605		company:08576427
2606		company:08657831
2607		company:08637890
2608		company:08661374
2609		company:08658515
2610	Robin Hood Academy	
2611		company:07911604
2612		company:08859774
2613		company:08699391
2614		company:08722556
2615		company:08722647
2616		company:08732018
2617		company:08713217
2618		company:08657945
2619		company:08712137
2620		company:08709352
2621		company:08663011
2622		company:08714452
2623		company:08684300
2624		company:08714241
2625		company:08565135
2626		company:08661539
2627		company:08731777
2628		company:08615792
2629		company:08713214
2630		company:08727883
2631		company:08701329
2632		company:08667123
2633		company:08741704
2634		company:08738750
2635		company:08698831
2636		company:08702056
2637		company:08693259
2638		company:08681270
2639		company:08718104
2640		company:08529006
2641		company:08289583
2642		company:08745639
2643		company:08656655
2644		company:08881720
2645		company:08335297
2646		company:08823327
2647		company:08451787
2648		company:09007740
2649		company:09323071
2650		company:08711161
2651		company:08775910
2652		company:08728422
2653		company:08719689
2654		company:08722529
2655		company:08722710
2656		company:08603037
2657		company:08689696
2658		company:08597878
2659		company:08745045
2660		company:08763832
2661		company:08760817
2662		company:08753719
2663		company:08752701
2664		company:08759430
2665		company:08741949
2666		company:08781513
2667		company:08756412
2668		company:08725920
2669		company:08775996
2670		company:08769758
2671		company:08612065
2672		company:08738224
2673		company:08739625
2674		company:08766799
2675		company:08749379
2676		company:08217604
2677		company:08795983
2678		company:08718062
2679		company:08787650
2680		company:08779660
2681		company:08803924
2682		company:08803916
2683		company:08803858
2684		company:08791046
2685		company:08749901
2686		company:08591532
2687		company:08792831
2688		company:08156955
2689		company:08795464
2690		company:08601624
2691		company:08176019
2692		company:08748904
2693		company:08706247
2694		company:08802427
2695		company:08810960
2696		company:08738846
2697		company:08792911
2698		company:08754658
2699		company:08582084
2700		company:08798425
2701		company:08803871
2702		company:07652401
2703		company:08738949
2704		company:08833508
2705		company:08822760
2706		company:08806335
2707		company:08475184
2708		company:07653629
2709		company:08840094
2710		company:08842867
2711		company:08789220
2712		company:08786136
2713		company:08842629
2714		company:08820308
2715		company:08683500
2716		company:08721728
2717		company:08441646
2718		company:08809624
2719		company:08833097
2720		company:08830753
2721		company:08811135
2722		company:08813021
2723		company:07912940
2724		company:08257461
2725		company:08872161
2726		company:08767576
2727		company:08842936
2728		company:08882544
2729		company:08812257
2730		company:08852553
2731		company:08880841
2732		company:08803983
2733		company:08265245
2734		company:08921490
2735		company:08901256
2736		company:08929419
2737		company:08929065
2738		company:08899707
2739		company:08921898
2740		company:08891864
2741		company:08936173
2742		company:08782792
2743		company:08899140
2744		company:08916979
2745		company:08850163
2746		company:08895870
2747		company:08906809
2748		company:08809385
2749		company:08934482
2750		company:08920008
2751		company:08474688
2752		company:08927321
2753		company:08919795
2754		company:08876009
2755		company:08872698
2756		company:08920557
2757		company:08915981
2758		company:08886004
2759		company:08922305
2760		company:08916147
2761		company:08909269
2762		company:08853971
2763		company:08919697
2764		company:08924383
2765		company:08704162
2766		company:08895977
2767		company:08920320
2768		company:08590916
2769		company:08749821
2770		company:08905350
2771		company:08918836
2772		company:08933913
2773		company:08924656
2774		company:08337041
2775		company:08509710
2776		company:08614382
2777		company:08980079
2778		company:09023802
2779		company:08747464
2780		company:07645701
2781		company:07960887
2782		company:08936511
2783		company:08927324
2784		company:08920524
2785		company:08962417
2786		company:08936256
2787		company:08927009
2788		company:08922806
2789		company:08979902
2790		company:08718489
2791		company:08941338
2792		company:08339142
2793		company:08679235
2794		company:09118770
2795		company:09024278
2796		company:09040388
2797		company:09022463
2798		company:09349525
2799		company:09349673
2800		company:09437420
2801		company:08605705
2802		company:09023805
2803		company:09060417
2804		company:09040348
2805		company:09040156
2806		company:09102276
2807		company:08976748
2808		company:09065312
2809		company:08998917
2810		company:08977173
2811		company:09161532
2812		company:08765738
2813		company:09119526
2814		company:08943457
2815		company:08922754
2816		company:08264865
2817		company:07510578
2818		company:07649596
2819		company:07898536
2820		company:08991357
2821		company:08324782
2822		company:07937014
2823		company:08333406
2824		company:08344767
2825		company:07847013
2826		company:07626303
2827		company:08291601
2828		company:08337776
2829		company:08515877
2830		company:07941864
2831		company:07650604
2832		company:08305242
2833		company:09030028
2834		company:08240435
2835		company:09067175
2836		company:08599329
2837		company:07956692
2838		company:08334743
2839		company:08336324
2840		company:08221258
2841		company:08333424
2842		company:08330636
2843		company:08339290
2844		company:09050439
2845		company:09083904
2846		company:09053713
2847		company:09068218
2848		company:09066965
2849		company:08954620
2850		company:09058698
2851		company:09064485
2852		company:09066969
2853		company:09071607
2854		company:09071405
2855		company:09055607
2856		company:08684162
2857		company:08318962
2858		company:07911472
2859		company:08246407
2860		company:09071623
2861		company:08314083
2862		company:08267703
2863		company:07953354
2864		company:08963816
2865		company:08339878
2866		company:08300393
2867		company:08641815
2868		company:08296556
2869		company:09111449
2870		company:09028122
2871		company:08299181
2872		company:08337957
2873		company:08333607
2874		company:08632527
2875		company:07650064
2876		company:08341194
2877		company:09113542
2878		company:09050751
2879		company:09123741
2880		company:09104491
2881		company:09077521
2882		company:09104225
2883		company:08938098
2884		company:09098446
2885		company:09106277
2886		company:09078530
2887		company:07949464
2888		company:08331789
2889		company:09051179
2890		company:09023653
2891		company:09101036
2892		company:09142556
2893		company:08913502
2894		company:09161091
2895		company:09187505
2896		company:09451372
2897		company:08270657
2898		company:09079258
2899		company:09199371
2900		company:09150568
2901		company:09141878
2902		company:09064864
2903		company:09148738
2904		company:09081030
2905		company:09119498
2906		company:09108745
2907		company:09166463
2908		company:09142319
2909		company:08963659
2910		company:09174628
2911		company:09124782
2912		company:09021722
2913		company:09129775
2914		company:09139888
2915		company:09141452
2916		company:09154494
2917		company:09040380
2918		company:09227333
2919		company:09284368
2920		company:09154404
2921		company:09265723
2922		company:09235635
2923		company:08291429
2924		company:09396402
2925		company:09174154
2926		company:09115941
2927		company:09199785
2928		company:09203984
2929		company:09175427
2930		company:09223515
2931		company:09068195
2932		company:09202445
2933		company:09172115
2934		company:08934887
2935		company:09218084
2936		company:08863406
2937		company:09136556
2938		company:09150608
2939		company:09200332
2940		company:09146848
2941		company:08557665
2942		company:09253218
2943		company:08696394
2944		company:09148900
2945		company:09258843
2946		company:09061804
2947		company:09093035
2948		company:09250922
2949		company:09254238
2950		company:09301212
2951		company:09221695
2952		company:09269589
2953		company:09295450
2954		company:09155473
2955		company:08382992
2956		company:09289718
2957		company:09280654
2958		company:09279884
2959		company:09286883
2960		company:08343491
2961		company:09333191
2962		company:09333163
2963		company:08307770
2964		company:09341344
2965		company:09308398
2966		company:09326643
2967		company:09212934
2968		company:09436283
2969		company:09306360
2970		company:09343767
2971		company:09341839
2972		company:09201845
2973		company:09471525
2974		company:09442311
2975		company:09380027
2976		company:09318755
2977		company:08102025
2978		company:09207180
2979		company:09361618
2980		company:09341374
2981		company:09361342
2982		company:09350239
2983		company:09319299
2984		company:09334026
2985		company:09290889
2986		company:09362801
2987		company:09297519
2988		company:08561222
2989		company:09432692
2990		company:08293776
2991		company:09404783
2992		company:09484306
2993		company:09362004
2994		company:09388819
2995		company:09443602
2996		company:09332834
2997		company:09425197
2998		company:09449979
2999		company:09441910
3000		company:09378112
3001		company:09443906
3002		company:09422746
3003		company:09437439
3004		company:09440025
3005		company:09392862
3006		company:09427476
3007		company:09392787
3008		company:09413691
3009		company:08257814
3010		company:09378390
3011		company:09434926
3012		company:09440033
3013		company:09408861
3014		company:09434988
3015		company:09409109
3016		company:09433068
3017		company:09482529
3018		company:09323792
3019		company:08334023
3020		company:08449062
3021		company:10065284
3022		company:09332738
3023		company:08816454
3024		company:09498825
3025		company:09466013
3026		company:09434766
3027		company:09470229
3028		company:09483921
3029		company:09468412
3030		company:09481323
3031		company:09454169
3032		company:09497062
3033		company:09435396
3034		company:09471240
3035		company:09482572
3036		company:09474500
3037		company:08827502
3038		company:09027131
3039		company:08292380
3040		company:09017575
3041		company:07654452
3042		company:08953180
3043		company:09000501
3044		company:09494940
3045		company:08282488
3046		company:08652284
3047		company:09700223
3048		company:09270040
3049		company:09284055
3050		company:09646093
3051		company:09702162
3052		company:08833418
3053		company:07893811
3054		company:08707909
3055		company:09499496
3056		company:09728614
3057		company:09686896
3058		company:09659808
3059		company:08872579
3060		company:08829472
3061		company:07911362
3062		company:09709935
3063		company:09613632
3064		company:09628750
3065		company:09591931
3066		company:09012630
3067		company:08628019
3068		company:08318068
3069		company:09200220
3070		company:08346116
3071		company:08289534
3072		company:08351953
3073		company:09610951
3074		company:09628754
3075		company:09604912
3076		company:09611796
3077		company:09578698
3078		company:09617166
3079		company:09626002
3080		company:09622777
3081		company:09620043
3082		company:09461655
3083		company:08829554
3084		company:09642581
3085		company:09668526
3086		company:09696059
3087		company:10013691
3088		company:09690231
3089		company:09693822
3090		company:09662313
3091		company:09718257
3092		company:09677469
3093		company:09749664
3094		company:09712111
3095		company:09679683
3096		company:09648418
3097		company:09587693
3098		company:09683218
3099		company:09692208
3100		company:09791050
3101		company:09635397
3102		company:09691510
3103		company:09662303
3104		company:09635329
3105		company:09660515
3106		company:09646939
3107		company:09679560
3108		company:09676023
3109		company:09702333
3110		company:09666511
3111		company:09677480
3112		company:09323096
3113		company:09617195
3114		company:09679536
3115		company:09691946
3116		company:09625982
3117		company:09527057
3118		company:09811711
3119		company:09785186
3120		company:09782388
3121		company:09780473
3122		company:09754024
3123		company:09683579
3124		company:09751294
3125		company:09771413
3126		company:09741508
3127		company:09878928
3128		company:08709369
3129		company:09872178
3130		company:09874674
3131		company:09801986
3132		company:09881224
3133		company:09872386
3134		company:09795288
3135		company:09675372
3136		company:09875389
3137		company:09894699
3138		company:09903139
3139		company:09379253
3140		company:09861442
3141		company:09809895
3142		company:09912859
3143		company:09680241
3144		company:09889819
3145		company:09913676
3146		company:09916360
3147		company:09896672
3148		company:09853252
3149		company:09896071
3150		company:09887971
3151		company:09648420
3152		company:09896945
3153		company:09946495
3154		company:09918358
3155		company:09950137
3156		company:09888339
3157		company:09940352
3158		company:09606079
3159		company:10028278
3160		company:10067116
3161		company:10049068
3162		company:10052450
3163		company:09952066
3164		company:10034419
3165		company:10056460
3166		company:09996478
3167		company:10004115
3168		company:09999238
3169		company:09971348
3170		company:10035934
3171		company:10035844
3172		company:09978459
3173		company:10039553
3174		company:10045230
3175		company:10037192
3176		company:09980467
3177		company:10034058
3178		company:10042321
3179		company:10070417
3180		company:10049139
3181		company:10075893
3182		company:08702099
3183		company:10098444
3184		company:10038640
3185		company:10226712
3186		company:10160645
3187		company:10155032
3188		company:10261477
3189		company:10201636
3190		company:10161526
3191		company:10224802
3192		company:10225404
3193		company:10178490
3194		company:10174100
3195		company:10163646
3196		company:10227910
3197		company:10259334
3198		company:10249712
3199		company:10181707
3200		company:10255142
3201		company:10253931
3202		company:10081995
